User ID,Order Id,Product Id,Price,Time,year,month,Aniomes
6365,10147,7575,175.0,2019-03-22 00:20:26,2019,3,2019-3
1,10148,7575,175.0,2019-03-22 00:20:26,2019,3,2019-3
0,10146,5633,4.5,2019-03-20 12:42:18,2019,3,2019-3
6290,10144,7574,175.0,2019-03-19 19:47:17,2019,3,2019-3
1,10145,5593,3.5,2019-03-19 19:47:17,2019,3,2019-3
6290,10142,7574,175.0,2019-03-19 19:39:57,2019,3,2019-3
1,10143,7574,175.0,2019-03-19 19:39:57,2019,3,2019-3
6292,10140,7575,175.0,2019-03-06 23:20:42,2019,3,2019-3
1,10141,7575,175.0,2019-03-06 23:20:42,2019,3,2019-3
6292,10138,7575,175.0,2019-03-06 22:22:06,2019,3,2019-3
1,10139,7575,175.0,2019-03-06 22:22:06,2019,3,2019-3
6292,10136,7574,175.0,2019-03-06 00:46:49,2019,3,2019-3
1,10137,7574,175.0,2019-03-06 00:46:49,2019,3,2019-3
6292,10133,7574,175.0,2019-03-05 18:23:02,2019,3,2019-3
1,10134,7574,175.0,2019-03-05 18:23:02,2019,3,2019-3
1,7573,5756,175.0,2019-03-01 00:31:12,2019,3,2019-3
6290,7572,5756,175.0,2019-03-01 00:31:12,2019,3,2019-3
1,7570,5756,200.0,2019-02-25 17:31:44,2019,2,2019-2
1,7567,5756,175.0,2019-02-25 04:48:23,2019,2,2019-2
0,7568,5756,225.0,2019-02-25 04:48:23,2019,2,2019-2
1,7565,0,225.0,2019-02-25 04:36:18,2019,2,2019-2
1,7564,5756,175.0,2019-02-25 04:36:18,2019,2,2019-2
1,7560,5756,175.0,2019-02-25 03:59:00,2019,2,2019-2
1,7561,5756,200.0,2019-02-25 03:59:00,2019,2,2019-2
1,7554,5756,175.0,2019-02-22 18:40:30,2019,2,2019-2
1,7553,5756,175.0,2019-02-22 18:40:30,2019,2,2019-2
4980,7548,0,4.87,2019-02-21 16:54:46,2019,2,2019-2
4171,7547,0,24.5,2019-02-18 13:54:40,2019,2,2019-2
0,7546,0,67.65,2019-02-14 06:15:27,2019,2,2019-2
0,7545,0,62.5,2019-02-12 22:55:33,2019,2,2019-2
0,7544,0,67.66,2019-02-11 19:04:49,2019,2,2019-2
0,7543,0,24.5,2019-02-06 21:34:58,2019,2,2019-2
0,7542,0,62.5,2019-02-06 15:11:00,2019,2,2019-2
4891,7541,0,175.0,2019-02-05 20:44:04,2019,2,2019-2
0,7540,0,22.5,2019-02-05 00:52:13,2019,2,2019-2
0,7539,0,42.0,2019-02-04 19:26:32,2019,2,2019-2
0,7538,0,42.22,2019-02-04 19:17:05,2019,2,2019-2
0,7537,0,70.0,2019-02-01 20:36:27,2019,2,2019-2
3518,7536,0,11.36,2019-01-31 18:35:11,2019,1,2019-1
3815,7535,0,65.0,2019-01-30 18:10:35,2019,1,2019-1
0,7534,0,46.0,2019-01-27 14:50:19,2019,1,2019-1
6337,7533,0,9.0,2019-01-14 16:33:25,2019,1,2019-1
4171,7532,0,24.5,2019-01-14 16:14:27,2019,1,2019-1
0,7531,0,10.5,2019-01-10 20:58:23,2019,1,2019-1
4949,7530,0,23.0,2019-01-10 12:55:05,2019,1,2019-1
0,7529,0,15.16,2019-01-09 17:45:58,2019,1,2019-1
4283,7528,0,22.5,2019-01-08 19:04:26,2019,1,2019-1
6034,7527,0,9.75,2019-01-07 23:52:10,2019,1,2019-1
0,7526,0,16.23,2019-01-06 23:44:58,2019,1,2019-1
6111,7525,0,12.0,2019-01-04 17:18:13,2019,1,2019-1
5645,7524,0,105.0,2019-01-02 20:25:49,2019,1,2019-1
0,7523,0,35.4,2019-01-02 03:18:58,2019,1,2019-1
4760,7522,0,35.0,2018-12-31 14:05:27,2018,12,2018-12
3483,7521,0,23.0,2018-12-31 13:42:59,2018,12,2018-12
0,7520,0,14.07,2018-12-27 17:52:51,2018,12,2018-12
4584,7519,0,35.0,2018-12-17 21:13:08,2018,12,2018-12
4553,7518,0,13.5,2018-12-15 18:31:02,2018,12,2018-12
3282,7517,0,10.5,2018-12-15 15:24:54,2018,12,2018-12
0,7516,0,9.0,2018-12-12 18:59:55,2018,12,2018-12
3555,7515,0,54.13,2018-12-10 17:09:42,2018,12,2018-12
5212,7514,0,3.5,2018-12-10 01:34:23,2018,12,2018-12
0,7513,0,12.0,2018-11-26 19:21:58,2018,11,2018-11
0,7512,0,21.65,2018-11-26 10:18:41,2018,11,2018-11
0,7511,0,62.5,2018-11-23 20:51:51,2018,11,2018-11
0,7510,0,70.0,2018-11-22 19:42:31,2018,11,2018-11
0,7509,0,35.18,2018-11-20 20:56:27,2018,11,2018-11
0,7508,0,62.5,2018-11-19 21:54:25,2018,11,2018-11
5164,7507,0,35.0,2018-11-15 18:16:26,2018,11,2018-11
6322,7506,0,28.0,2018-11-15 14:03:20,2018,11,2018-11
0,7505,0,14.07,2018-11-15 00:13:34,2018,11,2018-11
6076,7504,0,9.0,2018-11-12 22:18:17,2018,11,2018-11
4171,7503,0,3.5,2018-11-10 14:05:57,2018,11,2018-11
3388,7502,0,4.5,2018-11-09 05:42:48,2018,11,2018-11
3880,7501,0,39.0,2018-11-06 14:59:58,2018,11,2018-11
3306,7500,0,35.18,2018-11-04 16:36:14,2018,11,2018-11
3815,7499,0,65.0,2018-11-03 19:39:00,2018,11,2018-11
0,7498,0,13.5,2018-11-01 21:08:55,2018,11,2018-11
3255,7497,0,19.49,2018-10-30 22:34:28,2018,10,2018-10
0,7496,0,70.0,2018-10-26 17:24:19,2018,10,2018-10
6144,7495,0,49.0,2018-10-21 15:30:28,2018,10,2018-10
0,7494,0,21.0,2018-10-21 13:16:10,2018,10,2018-10
0,7493,0,27.06,2018-10-19 04:46:55,2018,10,2018-10
4171,7492,0,24.5,2018-10-18 12:56:38,2018,10,2018-10
0,7491,0,70.8,2018-10-15 21:54:23,2018,10,2018-10
4581,7490,0,13.0,2018-10-15 15:32:20,2018,10,2018-10
5232,7489,0,70.36,2018-10-14 15:17:25,2018,10,2018-10
0,7488,0,21.0,2018-10-13 03:15:49,2018,10,2018-10
0,7487,0,125.0,2018-10-11 14:28:25,2018,10,2018-10
0,7486,0,10.82,2018-10-10 19:45:40,2018,10,2018-10
3475,7485,0,10.5,2018-10-10 18:59:55,2018,10,2018-10
0,7484,0,62.5,2018-10-10 06:48:15,2018,10,2018-10
0,7483,0,67.66,2018-10-09 01:36:24,2018,10,2018-10
3796,7482,0,7.0,2018-10-07 18:12:54,2018,10,2018-10
0,7481,0,11.36,2018-10-05 23:31:50,2018,10,2018-10
6115,7480,0,19.49,2018-09-29 18:38:05,2018,9,2018-9
4283,7479,0,27.0,2018-09-27 20:08:29,2018,9,2018-9
4566,7478,0,10.5,2018-09-26 17:07:42,2018,9,2018-9
6351,7477,0,113.66,2018-09-14 04:05:17,2018,9,2018-9
0,7476,0,70.0,2018-09-13 20:38:00,2018,9,2018-9
0,7475,0,67.66,2018-09-13 18:15:02,2018,9,2018-9
0,7474,0,3.79,2018-09-13 16:39:55,2018,9,2018-9
0,7473,0,67.66,2018-09-11 02:43:52,2018,9,2018-9
0,7472,0,10.5,2018-09-08 13:15:22,2018,9,2018-9
4171,7471,0,21.0,2018-09-08 13:03:19,2018,9,2018-9
0,7470,0,32.5,2018-09-07 21:31:37,2018,9,2018-9
0,7469,0,6.0,2018-09-07 21:07:58,2018,9,2018-9
4933,7468,0,30.31,2018-09-07 18:44:34,2018,9,2018-9
5097,7467,0,45.5,2018-09-06 18:22:44,2018,9,2018-9
0,7466,0,18.0,2018-09-04 20:48:17,2018,9,2018-9
0,7465,0,18.94,2018-09-02 19:51:30,2018,9,2018-9
0,7464,0,7.0,2018-08-30 19:43:19,2018,8,2018-8
0,7463,0,62.5,2018-08-30 18:17:01,2018,8,2018-8
5765,7462,0,6.5,2018-08-27 21:55:04,2018,8,2018-8
0,7461,0,45.47,2018-08-27 18:26:55,2018,8,2018-8
4760,7460,0,21.0,2018-08-27 01:07:18,2018,8,2018-8
6177,7458,0,50.0,2018-08-23 23:18:05,2018,8,2018-8
4584,7457,0,35.0,2018-08-22 03:38:13,2018,8,2018-8
6177,7455,0,50.01,2018-08-21 23:50:00,2018,8,2018-8
0,7454,0,16.35,2018-08-21 02:56:18,2018,8,2018-8
0,7453,0,11.37,2018-08-19 17:18:02,2018,8,2018-8
0,7452,0,16.35,2018-08-16 18:49:17,2018,8,2018-8
0,7451,0,7.57,2018-08-13 14:07:44,2018,8,2018-8
6214,7450,0,12.99,2018-08-12 20:35:18,2018,8,2018-8
4695,7449,0,105.0,2018-08-11 13:45:17,2018,8,2018-8
0,7448,0,56.29,2018-08-08 20:44:18,2018,8,2018-8
3815,7447,0,65.0,2018-08-08 14:04:41,2018,8,2018-8
0,7446,0,27.0,2018-08-07 22:09:58,2018,8,2018-8
3483,7445,0,14.0,2018-08-03 15:32:07,2018,8,2018-8
0,7444,0,70.0,2018-08-02 21:33:25,2018,8,2018-8
0,7443,0,67.66,2018-07-30 05:15:45,2018,7,2018-7
0,7442,0,67.66,2018-07-26 20:57:43,2018,7,2018-7
0,7441,0,3.5,2018-07-25 00:25:03,2018,7,2018-7
0,7440,0,75.78,2018-07-22 15:03:44,2018,7,2018-7
0,7439,0,21.0,2018-07-21 16:25:40,2018,7,2018-7
0,7438,0,6.0,2018-07-20 22:03:45,2018,7,2018-7
3282,7437,0,10.5,2018-07-18 16:18:28,2018,7,2018-7
4891,7436,0,105.0,2018-07-18 14:33:06,2018,7,2018-7
4171,7435,0,31.5,2018-07-17 22:21:26,2018,7,2018-7
0,7434,0,67.66,2018-07-16 22:49:00,2018,7,2018-7
0,7433,0,26.0,2018-07-16 17:33:14,2018,7,2018-7
0,7432,0,11.36,2018-07-13 20:16:33,2018,7,2018-7
0,7431,0,12.99,2018-07-12 20:09:19,2018,7,2018-7
5573,7430,0,36.0,2018-07-11 20:38:09,2018,7,2018-7
0,7429,0,105.0,2018-07-06 00:44:24,2018,7,2018-7
4760,7428,0,35.0,2018-07-01 19:30:39,2018,7,2018-7
0,7427,0,147.0,2018-06-29 22:49:54,2018,6,2018-6
0,7426,0,67.66,2018-06-28 21:34:52,2018,6,2018-6
6144,7425,0,17.5,2018-06-26 21:33:31,2018,6,2018-6
0,7424,0,12.0,2018-06-25 11:03:57,2018,6,2018-6
0,7423,0,6.0,2018-06-21 17:37:19,2018,6,2018-6
0,7422,0,46.0,2018-06-18 16:20:48,2018,6,2018-6
0,7421,0,7.5,2018-06-15 07:30:09,2018,6,2018-6
4584,7420,0,9.0,2018-06-14 02:17:19,2018,6,2018-6
4171,7419,0,21.0,2018-06-12 16:28:33,2018,6,2018-6
4283,7418,0,6.0,2018-06-12 00:57:43,2018,6,2018-6
0,7417,0,24.5,2018-06-04 18:57:59,2018,6,2018-6
0,7416,0,13.0,2018-06-03 15:44:33,2018,6,2018-6
0,7415,0,9.0,2018-06-01 14:25:32,2018,6,2018-6
6317,7414,0,14.0,2018-05-23 11:44:43,2018,5,2018-5
6340,7413,0,3.5,2018-05-22 11:34:58,2018,5,2018-5
3475,7412,0,46.0,2018-05-21 22:59:18,2018,5,2018-5
5446,7411,0,16.23,2018-05-21 21:53:37,2018,5,2018-5
6076,7410,0,9.0,2018-05-21 00:36:52,2018,5,2018-5
0,7409,0,7.04,2018-05-18 19:34:02,2018,5,2018-5
3518,7408,0,16.24,2018-05-17 17:06:00,2018,5,2018-5
6034,7407,0,19.48,2018-05-15 20:57:04,2018,5,2018-5
3815,7406,0,65.0,2018-05-15 13:01:38,2018,5,2018-5
3388,7405,0,3.5,2018-05-14 05:15:55,2018,5,2018-5
5212,7404,0,3.5,2018-05-14 03:35:53,2018,5,2018-5
5164,7403,0,35.0,2018-05-09 15:21:45,2018,5,2018-5
3282,7402,0,14.0,2018-05-08 14:43:50,2018,5,2018-5
0,7401,0,13.53,2018-05-05 02:34:51,2018,5,2018-5
0,7400,0,75.0,2018-05-04 21:08:28,2018,5,2018-5
5633,7399,0,23.0,2018-05-01 23:40:37,2018,5,2018-5
0,7398,0,62.5,2018-05-01 19:13:28,2018,5,2018-5
5164,7397,0,3.5,2018-04-29 16:08:51,2018,4,2018-4
0,7396,0,27.0,2018-04-29 00:58:34,2018,4,2018-4
4171,7395,0,21.0,2018-04-28 12:59:20,2018,4,2018-4
0,7394,0,11.36,2018-04-27 19:11:27,2018,4,2018-4
5097,7393,0,26.0,2018-04-26 13:55:04,2018,4,2018-4
3471,7392,0,6.0,2018-04-25 18:40:11,2018,4,2018-4
0,7391,0,180.0,2018-04-24 13:06:55,2018,4,2018-4
3255,7390,0,21.65,2018-04-22 22:00:22,2018,4,2018-4
0,7389,0,67.66,2018-04-17 19:39:34,2018,4,2018-4
6337,7388,0,18.0,2018-04-13 16:21:50,2018,4,2018-4
4980,7387,0,10.83,2018-04-11 19:21:03,2018,4,2018-4
0,7386,0,9.0,2018-04-03 17:25:06,2018,4,2018-4
3483,7385,0,14.0,2018-03-31 21:39:21,2018,3,2018-3
0,7384,0,105.0,2018-03-27 17:29:38,2018,3,2018-3
0,7383,0,25.0,2018-03-25 00:32:49,2018,3,2018-3
3282,7382,0,10.5,2018-03-22 17:27:44,2018,3,2018-3
3941,7381,0,3.5,2018-03-21 08:09:19,2018,3,2018-3
0,7380,0,21.0,2018-03-20 23:41:51,2018,3,2018-3
4171,7379,0,21.0,2018-03-20 11:56:24,2018,3,2018-3
0,7378,0,24.0,2018-03-07 17:16:28,2018,3,2018-3
0,7377,0,27.06,2018-03-06 21:48:55,2018,3,2018-3
0,7376,0,21.0,2018-03-05 15:24:50,2018,3,2018-3
0,7375,0,3.79,2018-02-28 21:34:13,2018,2,2018-2
4891,7374,0,90.0,2018-02-27 20:17:14,2018,2,2018-2
5516,7373,0,175.0,2018-02-25 21:53:52,2018,2,2018-2
5645,7372,0,87.5,2018-02-20 19:34:35,2018,2,2018-2
6107,7371,0,9.0,2018-02-20 15:32:35,2018,2,2018-2
4584,7370,0,9.0,2018-02-13 02:48:25,2018,2,2018-2
6076,7369,0,10.0,2018-02-12 02:07:50,2018,2,2018-2
0,7368,0,12.0,2018-02-11 05:20:48,2018,2,2018-2
4816,7367,0,31.5,2018-02-07 19:47:28,2018,2,2018-2
4760,7366,0,10.5,2018-02-05 01:16:36,2018,2,2018-2
3880,7365,0,7.0,2018-02-03 14:35:25,2018,2,2018-2
4171,7364,0,21.0,2018-02-03 06:04:34,2018,2,2018-2
3815,7363,0,65.0,2018-02-01 17:36:30,2018,2,2018-2
4822,7362,0,10.5,2018-01-31 01:03:25,2018,1,2018-1
0,7361,0,36.0,2018-01-29 20:31:15,2018,1,2018-1
5164,7360,0,35.0,2018-01-27 16:55:15,2018,1,2018-1
0,7359,0,11.36,2018-01-25 19:42:18,2018,1,2018-1
0,7358,0,62.5,2018-01-19 01:02:07,2018,1,2018-1
5633,7357,0,13.5,2018-01-18 17:47:16,2018,1,2018-1
0,7356,0,21.65,2018-01-15 12:08:39,2018,1,2018-1
3282,7355,0,10.5,2018-01-10 18:06:46,2018,1,2018-1
0,7354,0,7.58,2018-01-08 18:45:31,2018,1,2018-1
5765,7353,0,6.5,2018-01-07 20:05:07,2018,1,2018-1
6034,7352,0,24.89,2018-01-03 21:49:20,2018,1,2018-1
0,7351,0,19.5,2018-01-02 11:59:37,2018,1,2018-1
4566,7350,0,3.5,2017-12-28 21:48:32,2017,12,2017-12
6214,7349,0,25.98,2017-12-19 21:12:34,2017,12,2017-12
0,7348,0,6.5,2017-12-19 12:17:59,2017,12,2017-12
5212,7347,0,3.5,2017-12-12 06:36:11,2017,12,2017-12
4171,7346,0,28.0,2017-12-11 19:04:14,2017,12,2017-12
3555,7345,0,54.13,2017-12-09 22:22:51,2017,12,2017-12
4980,7344,0,10.82,2017-12-08 03:54:57,2017,12,2017-12
3471,7343,0,4.5,2017-12-06 03:35:19,2017,12,2017-12
0,7342,0,6.0,2017-11-27 22:39:38,2017,11,2017-11
0,7341,0,144.0,2017-11-18 18:34:18,2017,11,2017-11
3388,7340,0,17.5,2017-11-16 05:34:56,2017,11,2017-11
0,7339,0,12.0,2017-11-15 23:28:50,2017,11,2017-11
0,7338,0,26.0,2017-11-13 19:24:53,2017,11,2017-11
3282,7337,0,14.0,2017-11-13 16:26:23,2017,11,2017-11
0,7336,0,11.36,2017-11-12 23:21:11,2017,11,2017-11
0,7335,0,40.59,2017-11-12 22:53:10,2017,11,2017-11
6322,7334,0,28.0,2017-11-11 15:57:36,2017,11,2017-11
4902,7333,0,4.87,2017-11-11 05:12:18,2017,11,2017-11
4891,7332,0,140.0,2017-11-03 19:27:39,2017,11,2017-11
5097,7331,0,26.0,2017-11-03 18:58:50,2017,11,2017-11
5573,7330,0,36.0,2017-11-03 16:15:47,2017,11,2017-11
0,7329,0,13.53,2017-11-02 18:17:05,2017,11,2017-11
3483,7328,0,23.0,2017-11-01 19:57:26,2017,11,2017-11
3255,7327,0,19.49,2017-10-27 16:08:06,2017,10,2017-10
0,7326,0,21.65,2017-10-23 09:08:34,2017,10,2017-10
4760,7325,0,6.0,2017-10-23 01:29:26,2017,10,2017-10
0,7324,0,46.0,2017-10-20 20:22:24,2017,10,2017-10
4171,7323,0,3.5,2017-10-20 02:00:18,2017,10,2017-10
0,7322,0,50.0,2017-10-16 17:39:15,2017,10,2017-10
4283,7321,0,36.0,2017-10-15 23:20:54,2017,10,2017-10
4980,7320,0,4.33,2017-10-10 01:52:16,2017,10,2017-10
0,7319,0,9.0,2017-10-09 14:42:31,2017,10,2017-10
0,7318,0,12.0,2017-10-06 19:24:54,2017,10,2017-10
0,7317,0,67.66,2017-10-05 18:22:40,2017,10,2017-10
0,7316,0,10.0,2017-09-30 15:41:03,2017,9,2017-9
4825,7315,0,4.5,2017-09-29 23:07:36,2017,9,2017-9
0,7314,0,105.0,2017-09-29 20:49:32,2017,9,2017-9
0,7313,0,72.0,2017-09-29 15:52:55,2017,9,2017-9
0,7312,0,18.0,2017-09-27 17:24:53,2017,9,2017-9
5212,7311,0,4.5,2017-09-25 05:11:16,2017,9,2017-9
3815,7310,0,65.0,2017-09-19 12:11:36,2017,9,2017-9
0,7309,0,10.5,2017-09-15 21:44:05,2017,9,2017-9
0,7308,0,27.06,2017-09-15 18:33:21,2017,9,2017-9
3282,7307,0,14.0,2017-09-12 13:24:54,2017,9,2017-9
6317,7306,0,3.5,2017-09-12 12:36:17,2017,9,2017-9
3941,7305,0,27.5,2017-09-12 04:04:25,2017,9,2017-9
0,7304,0,7.0,2017-09-09 15:19:24,2017,9,2017-9
0,7303,0,9.0,2017-09-07 02:48:51,2017,9,2017-9
0,7302,0,18.0,2017-09-06 03:46:41,2017,9,2017-9
0,7301,0,21.0,2017-09-05 01:38:56,2017,9,2017-9
0,7300,0,4.5,2017-08-31 20:39:10,2017,8,2017-8
0,7299,0,73.07,2017-08-31 20:19:24,2017,8,2017-8
0,7298,0,27.06,2017-08-29 04:21:28,2017,8,2017-8
4171,7297,0,7.0,2017-08-28 14:05:55,2017,8,2017-8
6279,7296,0,23.0,2017-08-27 15:23:27,2017,8,2017-8
6076,7295,0,6.5,2017-08-25 23:28:58,2017,8,2017-8
5112,7294,0,27.0,2017-08-24 19:55:08,2017,8,2017-8
0,7293,0,21.65,2017-08-21 23:53:40,2017,8,2017-8
4584,7292,0,35.0,2017-08-21 09:16:01,2017,8,2017-8
4283,7291,0,13.0,2017-08-20 23:38:52,2017,8,2017-8
0,7290,0,21.0,2017-08-16 01:45:32,2017,8,2017-8
0,7289,0,27.0,2017-08-14 21:00:33,2017,8,2017-8
0,7288,0,42.22,2017-08-11 20:07:07,2017,8,2017-8
6107,7287,0,9.0,2017-08-09 12:43:21,2017,8,2017-8
0,7286,0,19.49,2017-08-09 00:22:13,2017,8,2017-8
5164,7285,0,35.0,2017-07-31 18:39:02,2017,7,2017-7
0,7284,0,24.5,2017-07-24 16:08:17,2017,7,2017-7
0,7283,0,11.37,2017-07-19 19:56:23,2017,7,2017-7
3388,7282,0,19.5,2017-07-17 06:18:12,2017,7,2017-7
6314,7281,0,3.5,2017-07-17 04:21:20,2017,7,2017-7
6313,7280,0,18.0,2017-07-14 20:32:50,2017,7,2017-7
3475,7279,0,50.0,2017-07-10 02:48:14,2017,7,2017-7
0,7278,0,9.75,2017-07-08 21:38:37,2017,7,2017-7
4760,7277,0,35.0,2017-07-06 01:59:11,2017,7,2017-7
4171,7276,0,7.0,2017-07-05 13:34:32,2017,7,2017-7
4980,7275,0,4.87,2017-07-05 02:44:54,2017,7,2017-7
4891,7274,0,70.0,2017-07-04 20:26:26,2017,7,2017-7
0,7273,0,26.0,2017-06-29 18:56:52,2017,6,2017-6
0,7272,0,67.66,2017-06-29 16:54:33,2017,6,2017-6
6214,7271,0,12.99,2017-06-22 03:31:39,2017,6,2017-6
5633,7270,0,3.75,2017-06-21 01:37:18,2017,6,2017-6
0,7269,0,24.35,2017-06-16 11:09:07,2017,6,2017-6
6309,7268,0,202.97,2017-06-16 06:44:13,2017,6,2017-6
3282,7267,0,14.0,2017-06-13 18:33:50,2017,6,2017-6
3255,7266,0,21.65,2017-06-13 15:48:46,2017,6,2017-6
3815,7265,0,65.0,2017-06-13 15:01:56,2017,6,2017-6
4695,7264,0,6.0,2017-06-11 23:48:54,2017,6,2017-6
5232,7263,0,70.36,2017-06-10 16:16:42,2017,6,2017-6
0,7262,0,3.79,2017-06-06 17:43:57,2017,6,2017-6
5995,7261,0,7.58,2017-06-05 17:34:13,2017,6,2017-6
6115,7260,0,13.53,2017-06-02 17:44:08,2017,6,2017-6
3483,7259,0,23.0,2017-05-31 11:00:58,2017,5,2017-5
6182,7258,0,14.0,2017-05-27 00:19:47,2017,5,2017-5
0,7257,0,42.0,2017-05-22 16:27:21,2017,5,2017-5
5644,7256,0,67.66,2017-05-21 17:24:21,2017,5,2017-5
0,7255,0,18.0,2017-05-21 00:19:16,2017,5,2017-5
6076,7254,0,4.5,2017-05-20 21:57:51,2017,5,2017-5
0,7253,0,28.0,2017-05-17 19:40:38,2017,5,2017-5
0,7252,0,14.0,2017-05-17 18:45:19,2017,5,2017-5
4171,7251,0,7.0,2017-05-17 12:36:54,2017,5,2017-5
0,7250,0,3.5,2017-05-16 18:34:12,2017,5,2017-5
3941,7249,0,55.0,2017-05-16 06:59:51,2017,5,2017-5
0,7248,0,9.0,2017-05-15 21:47:23,2017,5,2017-5
0,7247,0,19.49,2017-05-15 20:50:52,2017,5,2017-5
6144,7246,0,21.0,2017-05-14 05:19:35,2017,5,2017-5
0,7245,0,11.36,2017-05-12 15:49:39,2017,5,2017-5
5765,7244,0,6.5,2017-05-07 20:48:39,2017,5,2017-5
5521,7243,0,350.0,2017-05-04 18:11:03,2017,5,2017-5
6302,7242,0,12.0,2017-05-02 02:55:15,2017,5,2017-5
0,7241,0,17.7,2017-05-01 16:23:31,2017,5,2017-5
0,7240,0,35.4,2017-04-26 13:27:55,2017,4,2017-4
5645,7239,0,70.0,2017-04-23 21:19:00,2017,4,2017-4
0,7238,0,35.0,2017-04-20 20:44:58,2017,4,2017-4
3388,7237,0,19.5,2017-04-18 20:46:58,2017,4,2017-4
3282,7236,0,14.0,2017-04-17 17:47:34,2017,4,2017-4
4283,7235,0,6.0,2017-04-12 20:49:04,2017,4,2017-4
3475,7234,0,50.0,2017-04-04 01:48:19,2017,4,2017-4
6300,7233,0,250.0,2017-03-31 21:06:02,2017,3,2017-3
0,7232,0,35.0,2017-03-31 17:32:31,2017,3,2017-3
4980,7231,0,4.87,2017-03-31 04:53:34,2017,3,2017-3
0,7230,0,9.74,2017-03-28 20:38:46,2017,3,2017-3
4825,7229,0,27.0,2017-03-25 17:14:20,2017,3,2017-3
4171,7228,0,28.0,2017-03-18 17:19:44,2017,3,2017-3
0,7227,0,42.22,2017-03-17 19:48:12,2017,3,2017-3
6298,7226,0,28.0,2017-03-16 22:38:44,2017,3,2017-3
5446,7225,0,10.82,2017-03-16 03:10:41,2017,3,2017-3
0,7224,0,16.35,2017-03-15 14:47:52,2017,3,2017-3
0,7223,0,19.5,2017-03-15 08:12:25,2017,3,2017-3
0,7222,0,4.5,2017-03-09 21:23:20,2017,3,2017-3
0,7221,0,46.0,2017-03-09 14:22:37,2017,3,2017-3
0,7220,0,12.0,2017-03-07 18:26:13,2017,3,2017-3
0,7219,0,25.0,2017-03-07 13:33:05,2017,3,2017-3
0,7218,0,21.65,2017-03-07 08:08:20,2017,3,2017-3
0,7217,0,10.0,2017-03-06 18:23:00,2017,3,2017-3
0,7216,0,4.5,2017-03-05 18:39:43,2017,3,2017-3
5516,7215,0,175.0,2017-03-04 19:44:54,2017,3,2017-3
4899,7214,0,75.0,2017-03-02 19:42:39,2017,3,2017-3
0,7213,0,105.0,2017-03-01 17:45:24,2017,3,2017-3
0,7212,0,10.5,2017-02-27 05:05:06,2017,2,2017-2
6185,7211,0,7.5,2017-02-24 12:22:26,2017,2,2017-2
5097,7210,0,39.0,2017-02-23 22:05:22,2017,2,2017-2
4760,7209,0,9.0,2017-02-23 03:21:49,2017,2,2017-2
4976,7208,0,10.83,2017-02-19 18:31:04,2017,2,2017-2
3282,7207,0,17.5,2017-02-17 20:43:18,2017,2,2017-2
6115,7206,0,24.36,2017-02-16 03:57:29,2017,2,2017-2
0,7205,0,21.0,2017-02-08 18:59:07,2017,2,2017-2
3471,7204,0,6.0,2017-02-07 04:24:58,2017,2,2017-2
0,7203,0,12.5,2017-02-05 20:17:18,2017,2,2017-2
3518,7202,0,7.58,2017-02-03 17:57:45,2017,2,2017-2
3483,7201,0,23.0,2017-02-02 20:56:53,2017,2,2017-2
0,7200,0,25.0,2017-01-31 23:57:49,2017,1,2017-1
5164,7199,0,35.0,2017-01-31 15:22:32,2017,1,2017-1
4584,7198,0,28.0,2017-01-30 21:12:29,2017,1,2017-1
6076,7197,0,20.0,2017-01-30 12:08:16,2017,1,2017-1
0,7196,0,6.5,2017-01-26 20:18:45,2017,1,2017-1
0,7195,0,23.0,2017-01-26 16:34:04,2017,1,2017-1
0,7194,0,11.37,2017-01-25 00:21:01,2017,1,2017-1
4283,7193,0,45.0,2017-01-24 20:32:19,2017,1,2017-1
3815,7192,0,32.5,2017-01-19 05:42:56,2017,1,2017-1
0,7191,0,42.0,2017-01-17 19:52:08,2017,1,2017-1
0,7190,0,74.69,2017-01-16 18:45:01,2017,1,2017-1
0,7189,0,6.5,2017-01-11 21:29:41,2017,1,2017-1
4933,7188,0,30.31,2017-01-09 20:18:45,2017,1,2017-1
0,7187,0,12.5,2017-01-09 19:49:02,2017,1,2017-1
5633,7186,0,13.0,2017-01-08 21:26:47,2017,1,2017-1
0,7185,0,21.0,2017-01-07 04:18:06,2017,1,2017-1
0,7184,0,46.0,2017-01-06 17:56:55,2017,1,2017-1
0,7183,0,35.0,2017-01-05 21:14:13,2017,1,2017-1
0,7182,0,7.5,2017-01-05 06:38:22,2017,1,2017-1
0,7181,0,19.5,2017-01-03 04:35:54,2017,1,2017-1
4954,7180,0,11.36,2017-01-02 22:50:02,2017,1,2017-1
0,7179,0,67.66,2016-12-29 19:03:27,2016,12,2016-12
4171,7178,0,21.0,2016-12-29 12:37:13,2016,12,2016-12
3255,7177,0,14.61,2016-12-27 22:01:31,2016,12,2016-12
0,7176,0,8.66,2016-12-27 10:32:15,2016,12,2016-12
0,7175,0,17.5,2016-12-23 21:38:13,2016,12,2016-12
0,7174,0,27.06,2016-12-23 00:05:35,2016,12,2016-12
0,7173,0,13.0,2016-12-21 20:25:28,2016,12,2016-12
5053,7172,0,25.0,2016-12-20 22:28:14,2016,12,2016-12
3699,7171,0,13.0,2016-12-20 18:40:40,2016,12,2016-12
5357,7170,0,18.0,2016-12-20 01:05:11,2016,12,2016-12
3941,7169,0,55.0,2016-12-16 17:50:23,2016,12,2016-12
3880,7168,0,60.0,2016-12-14 01:03:02,2016,12,2016-12
4760,7167,0,35.0,2016-12-12 04:24:08,2016,12,2016-12
0,7166,0,24.5,2016-12-10 20:56:49,2016,12,2016-12
3282,7165,0,14.0,2016-12-10 15:45:53,2016,12,2016-12
6076,7164,0,6.5,2016-12-06 12:23:27,2016,12,2016-12
3388,7163,0,13.0,2016-12-04 01:56:57,2016,12,2016-12
6279,7162,0,10.5,2016-12-02 17:55:23,2016,12,2016-12
0,7161,0,52.5,2016-11-29 16:15:34,2016,11,2016-11
0,7160,0,36.0,2016-11-25 21:21:51,2016,11,2016-11
6214,7159,0,17.7,2016-11-24 16:23:46,2016,11,2016-11
4171,7158,0,21.0,2016-11-23 18:21:00,2016,11,2016-11
6288,7157,0,9.74,2016-11-22 03:06:17,2016,11,2016-11
0,7156,0,26.0,2016-11-21 20:35:38,2016,11,2016-11
0,7155,0,19.49,2016-11-18 23:52:14,2016,11,2016-11
3815,7154,0,32.5,2016-11-17 15:23:32,2016,11,2016-11
0,7153,0,67.66,2016-11-16 19:57:47,2016,11,2016-11
6287,7152,0,42.0,2016-11-16 09:50:05,2016,11,2016-11
4891,7151,0,90.0,2016-11-14 18:09:25,2016,11,2016-11
5645,7149,0,70.0,2016-11-06 18:16:29,2016,11,2016-11
0,7148,0,24.5,2016-11-05 21:52:17,2016,11,2016-11
0,7147,0,14.07,2016-11-04 04:36:58,2016,11,2016-11
0,7146,0,26.0,2016-10-27 17:06:27,2016,10,2016-10
0,7145,0,50.0,2016-10-23 22:39:04,2016,10,2016-10
6284,7144,0,19.49,2016-10-22 15:51:16,2016,10,2016-10
0,7143,0,42.22,2016-10-17 19:24:21,2016,10,2016-10
4171,7142,0,21.0,2016-10-15 11:45:49,2016,10,2016-10
3555,7141,0,54.13,2016-10-12 16:08:59,2016,10,2016-10
0,7140,0,25.0,2016-10-11 15:52:16,2016,10,2016-10
0,7139,0,25.98,2016-10-11 05:56:29,2016,10,2016-10
4980,7138,0,9.74,2016-10-10 05:00:48,2016,10,2016-10
5573,7137,0,18.0,2016-10-08 02:19:33,2016,10,2016-10
6144,7136,0,17.5,2016-10-05 05:41:26,2016,10,2016-10
0,7135,0,67.66,2016-10-03 18:37:10,2016,10,2016-10
0,7134,0,27.0,2016-09-27 20:42:56,2016,9,2016-9
3815,7133,0,32.5,2016-09-26 17:54:06,2016,9,2016-9
0,7132,0,15.15,2016-09-24 18:57:31,2016,9,2016-9
3820,7130,0,350.0,2016-09-22 23:34:51,2016,9,2016-9
0,7129,0,7.0,2016-09-20 02:33:09,2016,9,2016-9
5131,7128,0,12.0,2016-09-19 22:30:08,2016,9,2016-9
0,7127,0,7.5,2016-09-19 03:19:44,2016,9,2016-9
3282,7126,0,17.5,2016-09-16 19:24:53,2016,9,2016-9
5097,7125,0,26.0,2016-09-14 22:57:21,2016,9,2016-9
4283,7124,0,10.0,2016-09-13 23:05:20,2016,9,2016-9
6182,7123,0,7.0,2016-09-11 21:44:49,2016,9,2016-9
4760,7122,0,7.0,2016-09-09 04:22:31,2016,9,2016-9
4171,7121,0,21.0,2016-09-07 12:07:05,2016,9,2016-9
0,7120,0,4.87,2016-09-06 23:30:54,2016,9,2016-9
0,7119,0,70.0,2016-09-01 19:37:47,2016,9,2016-9
6056,7118,0,378.88,2016-09-01 00:10:16,2016,9,2016-9
6056,7117,0,378.88,2016-09-01 00:05:08,2016,9,2016-9
3523,7116,0,350.0,2016-09-01 00:01:36,2016,9,2016-9
4566,7115,0,7.0,2016-08-31 00:01:14,2016,8,2016-8
0,7114,0,42.0,2016-08-30 19:45:48,2016,8,2016-8
4825,7113,0,27.0,2016-08-29 16:41:48,2016,8,2016-8
4439,7112,0,3.79,2016-08-28 04:47:30,2016,8,2016-8
0,7111,0,19.49,2016-08-26 17:42:23,2016,8,2016-8
0,7110,0,11.37,2016-08-23 16:43:52,2016,8,2016-8
0,7109,0,22.5,2016-08-22 21:19:22,2016,8,2016-8
6115,7108,0,18.94,2016-08-20 05:00:22,2016,8,2016-8
0,7107,0,13.0,2016-08-13 18:59:40,2016,8,2016-8
4821,7106,0,300.0,2016-08-10 22:12:03,2016,8,2016-8
0,7105,0,25.98,2016-08-06 23:04:18,2016,8,2016-8
3815,7104,0,32.5,2016-08-05 20:57:36,2016,8,2016-8
5164,7103,0,35.0,2016-08-05 20:51:23,2016,8,2016-8
5342,7100,0,350.0,2016-08-03 23:19:16,2016,8,2016-8
0,7099,0,36.0,2016-07-26 13:54:58,2016,7,2016-7
6279,7098,0,10.5,2016-07-23 01:25:51,2016,7,2016-7
0,7097,0,39.0,2016-07-21 20:20:35,2016,7,2016-7
0,7096,0,70.0,2016-07-21 18:11:18,2016,7,2016-7
6107,7095,0,9.0,2016-07-19 13:52:10,2016,7,2016-7
0,7094,0,19.5,2016-07-15 19:21:48,2016,7,2016-7
0,7093,0,46.0,2016-07-15 18:42:18,2016,7,2016-7
0,7092,0,14.0,2016-07-15 14:16:39,2016,7,2016-7
0,7091,0,50.0,2016-07-15 03:28:01,2016,7,2016-7
6076,7090,0,10.0,2016-07-15 01:38:00,2016,7,2016-7
0,7089,0,18.0,2016-07-13 23:41:23,2016,7,2016-7
0,7088,0,30.0,2016-07-12 19:16:55,2016,7,2016-7
5084,7087,0,28.15,2016-07-12 19:13:30,2016,7,2016-7
4760,7086,0,400.0,2016-07-12 00:01:08,2016,7,2016-7
6053,7085,0,375.0,2016-07-09 00:37:43,2016,7,2016-7
0,7084,0,67.66,2016-07-07 19:27:41,2016,7,2016-7
6277,7083,0,67.66,2016-07-07 04:27:02,2016,7,2016-7
0,7082,0,29.23,2016-07-05 21:33:14,2016,7,2016-7
3282,7081,0,17.5,2016-07-05 19:10:06,2016,7,2016-7
6276,7080,0,6.0,2016-07-04 20:36:34,2016,7,2016-7
6275,7079,0,18.0,2016-07-01 02:17:08,2016,7,2016-7
3483,7078,0,23.0,2016-06-30 15:52:47,2016,6,2016-6
6144,7077,0,10.5,2016-06-30 00:16:04,2016,6,2016-6
0,7076,0,46.0,2016-06-29 17:23:56,2016,6,2016-6
3255,7075,0,9.74,2016-06-29 03:36:28,2016,6,2016-6
4171,7074,0,21.0,2016-06-28 03:44:00,2016,6,2016-6
0,7073,0,13.5,2016-06-27 23:46:11,2016,6,2016-6
3388,7072,0,7.0,2016-06-26 18:04:20,2016,6,2016-6
0,7071,0,12.5,2016-06-25 20:39:24,2016,6,2016-6
3941,7070,0,55.0,2016-06-25 07:39:55,2016,6,2016-6
0,7069,0,10.5,2016-06-23 17:34:37,2016,6,2016-6
0,7068,0,11.37,2016-06-22 20:17:08,2016,6,2016-6
4283,7067,0,45.0,2016-06-22 19:27:28,2016,6,2016-6
5516,7066,0,175.0,2016-06-21 23:13:12,2016,6,2016-6
5517,7065,0,350.0,2016-06-20 22:41:52,2016,6,2016-6
5134,7064,0,350.0,2016-06-20 22:35:13,2016,6,2016-6
6187,7063,0,350.0,2016-06-20 22:31:29,2016,6,2016-6
0,7061,0,14.0,2016-06-20 21:20:12,2016,6,2016-6
6076,7060,0,9.0,2016-06-16 23:58:00,2016,6,2016-6
4760,7059,0,35.0,2016-06-11 02:10:46,2016,6,2016-6
6047,7058,0,350.0,2016-06-09 00:35:56,2016,6,2016-6
4821,7057,0,300.0,2016-06-09 00:31:31,2016,6,2016-6
4101,7056,0,350.0,2016-06-09 00:27:36,2016,6,2016-6
5633,7055,0,350.0,2016-06-09 00:23:46,2016,6,2016-6
4899,7054,0,50.0,2016-06-08 03:52:01,2016,6,2016-6
5357,7053,0,35.0,2016-06-08 02:23:45,2016,6,2016-6
4337,7052,0,25.0,2016-06-07 23:39:39,2016,6,2016-6
3820,7051,0,350.0,2016-06-07 22:53:32,2016,6,2016-6
6185,7050,0,7.5,2016-06-07 02:07:07,2016,6,2016-6
5633,7049,0,4.5,2016-06-05 21:43:10,2016,6,2016-6
5740,7048,0,22.5,2016-06-02 21:31:45,2016,6,2016-6
5740,7047,0,22.5,2016-05-31 22:51:03,2016,5,2016-5
0,7046,0,21.0,2016-05-30 20:32:12,2016,5,2016-5
4933,7045,0,19.48,2016-05-27 20:03:01,2016,5,2016-5
5516,7044,0,175.0,2016-05-26 23:20:45,2016,5,2016-5
4980,7042,0,10.82,2016-05-26 03:12:00,2016,5,2016-5
5077,7041,0,350.0,2016-05-24 00:28:37,2016,5,2016-5
5608,7040,0,350.0,2016-05-24 00:23:35,2016,5,2016-5
5265,7039,0,350.0,2016-05-24 00:21:19,2016,5,2016-5
4584,7038,0,350.0,2016-05-24 00:18:22,2016,5,2016-5
0,7037,0,10.0,2016-05-23 22:15:37,2016,5,2016-5
0,7036,0,3.75,2016-05-23 22:04:31,2016,5,2016-5
6271,7035,0,350.0,2016-05-20 23:54:56,2016,5,2016-5
0,7034,0,18.0,2016-05-20 12:38:47,2016,5,2016-5
6087,7033,0,150.0,2016-05-20 00:20:26,2016,5,2016-5
4891,7031,0,105.0,2016-05-19 21:36:49,2016,5,2016-5
0,7030,0,40.0,2016-05-19 04:30:50,2016,5,2016-5
4334,7029,0,10.0,2016-05-18 23:45:19,2016,5,2016-5
6214,7028,0,17.7,2016-05-18 20:08:06,2016,5,2016-5
5709,7027,0,14.0,2016-05-18 00:00:20,2016,5,2016-5
0,7026,0,21.95,2016-05-17 01:38:39,2016,5,2016-5
0,7025,0,40.0,2016-05-16 20:44:30,2016,5,2016-5
4171,7024,0,21.0,2016-05-13 23:19:07,2016,5,2016-5
0,7023,0,9.0,2016-05-12 14:42:08,2016,5,2016-5
0,7022,0,23.82,2016-05-11 05:20:38,2016,5,2016-5
5542,7021,0,350.0,2016-05-10 22:59:55,2016,5,2016-5
5349,7020,0,350.0,2016-05-10 22:52:26,2016,5,2016-5
6267,7019,0,300.0,2016-05-10 22:42:06,2016,5,2016-5
0,7018,0,7.0,2016-05-09 22:33:41,2016,5,2016-5
5015,7017,0,21.0,2016-05-07 01:04:25,2016,5,2016-5
5573,7016,0,18.0,2016-05-05 18:33:28,2016,5,2016-5
6269,7015,0,18.0,2016-05-04 23:28:39,2016,5,2016-5
4877,7014,0,400.0,2016-04-29 22:39:03,2016,4,2016-4
3880,7013,0,210.0,2016-04-29 00:21:37,2016,4,2016-4
6063,7012,0,60.0,2016-04-27 23:54:00,2016,4,2016-4
6121,7011,0,200.0,2016-04-22 22:56:12,2016,4,2016-4
0,7009,0,7.0,2016-04-20 01:34:01,2016,4,2016-4
6264,7008,0,350.0,2016-04-18 22:46:42,2016,4,2016-4
5115,7006,0,350.0,2016-04-18 22:32:54,2016,4,2016-4
0,7005,0,28.0,2016-04-18 13:01:17,2016,4,2016-4
0,7004,0,7.5,2016-04-17 02:03:55,2016,4,2016-4
5053,7003,0,25.0,2016-04-16 20:13:20,2016,4,2016-4
4337,7002,0,70.0,2016-04-16 00:33:11,2016,4,2016-4
0,7001,0,21.0,2016-04-15 16:14:15,2016,4,2016-4
0,7000,0,6.5,2016-04-14 19:44:54,2016,4,2016-4
0,6999,0,4.87,2016-04-11 20:12:23,2016,4,2016-4
6111,6998,0,80.0,2016-04-10 14:33:30,2016,4,2016-4
0,6997,0,14.61,2016-04-08 21:44:35,2016,4,2016-4
4171,6996,0,21.0,2016-04-08 13:00:12,2016,4,2016-4
5446,6995,0,29.77,2016-04-08 03:33:53,2016,4,2016-4
0,6994,0,19.49,2016-04-07 04:56:18,2016,4,2016-4
0,6993,0,32.5,2016-04-06 17:27:44,2016,4,2016-4
0,6992,0,25.0,2016-04-05 13:08:26,2016,4,2016-4
5765,6991,0,6.5,2016-04-02 15:28:53,2016,4,2016-4
4283,6990,0,7.5,2016-03-31 14:13:22,2016,3,2016-3
3236,6989,0,350.0,2016-03-31 00:33:51,2016,3,2016-3
0,6988,0,22.5,2016-03-29 22:05:40,2016,3,2016-3
5112,6987,0,21.0,2016-03-29 14:45:15,2016,3,2016-3
0,6986,0,10.0,2016-03-29 14:40:58,2016,3,2016-3
4902,6985,0,19.48,2016-03-28 20:41:59,2016,3,2016-3
3282,6984,0,17.5,2016-03-25 18:20:04,2016,3,2016-3
3282,6983,0,350.0,2016-03-25 15:43:37,2016,3,2016-3
5521,6982,0,350.0,2016-03-25 01:16:22,2016,3,2016-3
4431,6981,0,350.0,2016-03-25 01:12:12,2016,3,2016-3
5521,6980,0,350.0,2016-03-22 18:40:24,2016,3,2016-3
4899,6979,0,100.0,2016-03-21 17:51:05,2016,3,2016-3
0,6978,0,14.0,2016-03-21 17:09:56,2016,3,2016-3
0,6977,0,7.58,2016-03-21 16:30:04,2016,3,2016-3
4825,6976,0,22.5,2016-03-21 04:38:01,2016,3,2016-3
3656,6975,0,10.83,2016-03-20 15:47:17,2016,3,2016-3
0,6974,0,70.0,2016-03-17 21:15:58,2016,3,2016-3
0,6973,0,15.0,2016-03-14 23:21:27,2016,3,2016-3
0,6972,0,67.66,2016-03-14 17:44:35,2016,3,2016-3
0,6971,0,17.32,2016-03-09 21:40:34,2016,3,2016-3
0,6970,0,50.0,2016-03-04 11:56:27,2016,3,2016-3
3388,6969,0,27.5,2016-03-03 06:38:32,2016,3,2016-3
4171,6968,0,21.0,2016-03-02 14:33:15,2016,3,2016-3
0,6967,0,28.0,2016-02-26 15:19:54,2016,2,2016-2
3291,6966,0,250.0,2016-02-26 01:02:30,2016,2,2016-2
3306,6964,0,28.15,2016-02-23 01:17:12,2016,2,2016-2
5574,6963,0,350.0,2016-02-15 22:56:20,2016,2,2016-2
4454,6962,0,39.0,2016-02-13 16:56:04,2016,2,2016-2
4821,6960,0,300.0,2016-02-12 02:21:25,2016,2,2016-2
6213,6959,0,350.0,2016-02-12 02:14:02,2016,2,2016-2
5357,6958,0,10.0,2016-02-09 01:36:26,2016,2,2016-2
0,6957,0,25.0,2016-02-08 21:54:25,2016,2,2016-2
0,6956,0,25.0,2016-02-05 18:03:25,2016,2,2016-2
4584,6955,0,7.0,2016-02-03 21:52:39,2016,2,2016-2
6076,6954,0,4.5,2016-02-03 12:41:30,2016,2,2016-2
4980,6953,0,4.87,2016-02-03 06:39:01,2016,2,2016-2
4695,6952,0,100.0,2016-02-02 23:12:58,2016,2,2016-2
0,6951,0,19.49,2016-02-02 18:57:16,2016,2,2016-2
0,6950,0,42.22,2016-02-01 18:59:26,2016,2,2016-2
0,6949,0,18.0,2016-02-01 18:07:15,2016,2,2016-2
4816,6948,0,31.5,2016-01-29 19:02:36,2016,1,2016-1
5232,6947,0,38.97,2016-01-29 18:21:22,2016,1,2016-1
3483,6946,0,23.0,2016-01-29 16:55:56,2016,1,2016-1
4917,6945,0,350.0,2016-01-29 01:08:01,2016,1,2016-1
4610,6944,0,378.88,2016-01-29 00:41:38,2016,1,2016-1
6228,6943,0,250.0,2016-01-29 00:23:07,2016,1,2016-1
0,6941,0,67.66,2016-01-27 20:10:24,2016,1,2016-1
4171,6940,0,21.0,2016-01-27 17:13:46,2016,1,2016-1
4610,6939,0,378.88,2016-01-27 00:24:20,2016,1,2016-1
5164,6938,0,35.0,2016-01-26 14:06:14,2016,1,2016-1
3282,6937,0,10.5,2016-01-25 16:27:02,2016,1,2016-1
3815,6936,0,32.5,2016-01-24 21:35:18,2016,1,2016-1
5995,6935,0,9.75,2016-01-24 18:26:24,2016,1,2016-1
0,6934,0,4.87,2016-01-23 03:50:35,2016,1,2016-1
0,6932,0,23.0,2016-01-22 23:15:11,2016,1,2016-1
4553,6931,0,4.5,2016-01-21 18:27:19,2016,1,2016-1
4760,6930,0,10.5,2016-01-21 04:02:50,2016,1,2016-1
0,6929,0,17.32,2016-01-20 09:14:22,2016,1,2016-1
0,6928,0,10.5,2016-01-19 04:42:36,2016,1,2016-1
3236,6927,0,3.5,2016-01-18 19:34:30,2016,1,2016-1
0,6926,0,15.15,2016-01-16 02:07:27,2016,1,2016-1
6210,6925,0,350.0,2016-01-16 00:03:56,2016,1,2016-1
3815,6924,0,350.0,2016-01-15 23:11:27,2016,1,2016-1
5563,6923,0,270.63,2016-01-15 00:24:00,2016,1,2016-1
6246,6922,0,350.0,2016-01-15 00:14:43,2016,1,2016-1
4643,6921,0,350.0,2016-01-15 00:03:51,2016,1,2016-1
3466,6920,0,350.0,2016-01-14 23:58:24,2016,1,2016-1
5115,6919,0,350.0,2016-01-14 23:46:44,2016,1,2016-1
4337,6918,0,375.0,2016-01-14 00:05:21,2016,1,2016-1
0,6917,0,4.5,2016-01-12 22:24:52,2016,1,2016-1
0,6916,0,17.86,2016-01-12 01:34:56,2016,1,2016-1
4760,6915,0,9.0,2016-01-10 19:18:38,2016,1,2016-1
0,6914,0,40.6,2016-01-09 19:40:43,2016,1,2016-1
6151,6913,0,350.0,2016-01-09 01:03:11,2016,1,2016-1
4184,6912,0,350.0,2016-01-09 00:53:50,2016,1,2016-1
5097,6911,0,39.0,2016-01-07 16:00:42,2016,1,2016-1
5553,6909,0,350.0,2016-01-06 23:55:13,2016,1,2016-1
5342,6907,0,350.0,2016-01-05 23:24:47,2016,1,2016-1
0,6906,0,26.0,2016-01-02 19:54:04,2016,1,2016-1
3255,6905,0,27.07,2016-01-02 00:10:08,2016,1,2016-1
4010,6904,0,350.0,2015-12-30 23:51:36,2015,12,2015-12
4283,6902,0,36.0,2015-12-27 02:32:14,2015,12,2015-12
0,6901,0,4.5,2015-12-26 19:29:38,2015,12,2015-12
0,6900,0,19.49,2015-12-24 07:42:23,2015,12,2015-12
6115,6899,0,14.61,2015-12-22 02:59:58,2015,12,2015-12
5633,6898,0,4.5,2015-12-21 17:21:13,2015,12,2015-12
3941,6897,0,3.75,2015-12-21 15:44:57,2015,12,2015-12
6254,6896,0,13.0,2015-12-18 15:28:21,2015,12,2015-12
3471,6895,0,350.0,2015-12-12 00:55:35,2015,12,2015-12
4692,6894,0,350.0,2015-12-12 00:52:31,2015,12,2015-12
5357,6893,0,250.0,2015-12-12 00:42:17,2015,12,2015-12
4970,6892,0,350.0,2015-12-12 00:39:02,2015,12,2015-12
6129,6891,0,350.0,2015-12-12 00:34:00,2015,12,2015-12
0,6890,0,26.0,2015-12-11 19:47:21,2015,12,2015-12
0,6889,0,7.03,2015-12-09 18:11:08,2015,12,2015-12
0,6888,0,6.0,2015-12-09 03:16:45,2015,12,2015-12
0,6887,0,22.5,2015-12-08 21:22:52,2015,12,2015-12
0,6886,0,12.5,2015-12-08 17:14:25,2015,12,2015-12
6249,6885,0,25.0,2015-12-03 21:04:58,2015,12,2015-12
0,6884,0,52.0,2015-12-03 18:01:45,2015,12,2015-12
5669,6883,0,8.0,2015-12-03 03:26:16,2015,12,2015-12
3518,6882,0,8.0,2015-12-03 00:23:30,2015,12,2015-12
0,6881,0,13.53,2015-12-01 21:17:36,2015,12,2015-12
0,6880,0,28.0,2015-12-01 18:16:20,2015,12,2015-12
3483,6878,0,250.0,2015-12-01 00:18:31,2015,12,2015-12
0,6877,0,14.0,2015-11-30 22:10:24,2015,11,2015-11
4101,6876,0,28.0,2015-11-26 00:55:20,2015,11,2015-11
0,6875,0,105.0,2015-11-25 23:06:00,2015,11,2015-11
3631,6874,0,3.5,2015-11-25 01:22:32,2015,11,2015-11
3714,6873,0,62.5,2015-11-25 01:07:40,2015,11,2015-11
0,6871,0,32.5,2015-11-18 19:08:03,2015,11,2015-11
0,6870,0,10.0,2015-11-17 21:47:27,2015,11,2015-11
6214,6869,0,12.99,2015-11-16 18:05:32,2015,11,2015-11
0,6868,0,46.0,2015-11-16 17:32:22,2015,11,2015-11
3483,6867,0,14.0,2015-11-14 19:06:43,2015,11,2015-11
4584,6866,0,260.0,2015-11-14 01:02:25,2015,11,2015-11
0,6865,0,3.5,2015-11-13 21:43:21,2015,11,2015-11
0,6864,0,3.79,2015-11-12 18:16:08,2015,11,2015-11
0,6863,0,36.0,2015-11-10 20:19:32,2015,11,2015-11
4171,6862,0,35.0,2015-11-10 16:36:19,2015,11,2015-11
0,6861,0,18.94,2015-11-09 22:42:39,2015,11,2015-11
0,6860,0,8.5,2015-11-09 19:58:30,2015,11,2015-11
0,6859,0,10.5,2015-11-06 20:42:51,2015,11,2015-11
0,6858,0,52.5,2015-11-05 14:49:16,2015,11,2015-11
4891,6857,0,45.0,2015-11-04 19:43:44,2015,11,2015-11
0,6856,0,62.5,2015-11-04 17:49:21,2015,11,2015-11
3282,6855,0,3.5,2015-11-04 16:38:35,2015,11,2015-11
0,6854,0,26.0,2015-11-02 16:58:23,2015,11,2015-11
6063,6853,0,350.0,2015-11-01 16:22:59,2015,11,2015-11
4692,6850,0,350.0,2015-10-30 22:59:48,2015,10,2015-10
0,6848,0,19.49,2015-10-30 18:43:07,2015,10,2015-10
0,6847,0,48.71,2015-10-28 21:45:43,2015,10,2015-10
0,6846,0,37.89,2015-10-28 20:33:14,2015,10,2015-10
4933,6845,0,19.48,2015-10-27 17:01:59,2015,10,2015-10
3475,6844,0,50.0,2015-10-26 16:59:10,2015,10,2015-10
6076,6843,0,9.0,2015-10-26 01:08:01,2015,10,2015-10
4825,6842,0,9.0,2015-10-23 04:47:32,2015,10,2015-10
0,6841,0,46.0,2015-10-21 18:28:11,2015,10,2015-10
0,6840,0,7.57,2015-10-21 18:04:44,2015,10,2015-10
0,6839,0,14.0,2015-10-20 16:26:00,2015,10,2015-10
0,6838,0,17.32,2015-10-20 06:21:59,2015,10,2015-10
4660,6837,0,350.0,2015-10-17 00:10:23,2015,10,2015-10
4101,6836,0,350.0,2015-10-17 00:08:17,2015,10,2015-10
6187,6835,0,350.0,2015-10-16 23:56:35,2015,10,2015-10
3820,6834,0,350.0,2015-10-16 23:49:55,2015,10,2015-10
3518,6833,0,8.12,2015-10-15 18:33:18,2015,10,2015-10
0,6832,0,70.0,2015-10-15 18:09:17,2015,10,2015-10
3388,6831,0,21.0,2015-10-13 16:41:19,2015,10,2015-10
0,6830,0,25.0,2015-10-09 17:53:04,2015,10,2015-10
4976,6829,0,151.55,2015-10-09 14:01:11,2015,10,2015-10
4927,6827,0,378.88,2015-10-08 00:15:13,2015,10,2015-10
0,6826,0,13.5,2015-10-05 19:09:19,2015,10,2015-10
0,6825,0,14.0,2015-10-05 17:27:47,2015,10,2015-10
4980,6824,0,21.65,2015-10-04 20:56:35,2015,10,2015-10
0,6823,0,19.49,2015-10-01 18:13:06,2015,10,2015-10
6245,6822,0,3.79,2015-10-01 05:58:38,2015,10,2015-10
5787,6821,0,350.0,2015-10-01 00:16:21,2015,10,2015-10
6052,6820,0,350.0,2015-10-01 00:14:40,2015,10,2015-10
6213,6819,0,350.0,2015-10-01 00:10:24,2015,10,2015-10
4693,6818,0,350.0,2015-10-01 00:07:28,2015,10,2015-10
5306,6817,0,350.0,2015-10-01 00:04:56,2015,10,2015-10
0,6816,0,20.0,2015-09-29 22:38:07,2015,9,2015-9
0,6815,0,22.73,2015-09-29 16:51:27,2015,9,2015-9
3255,6814,0,4.87,2015-09-28 18:49:30,2015,9,2015-9
0,6813,0,9.0,2015-09-26 14:58:15,2015,9,2015-9
5669,6812,0,6.0,2015-09-25 16:02:16,2015,9,2015-9
6005,6811,0,4.5,2015-09-25 13:07:35,2015,9,2015-9
3306,6810,0,19.48,2015-09-23 06:48:53,2015,9,2015-9
0,6809,0,42.0,2015-09-21 18:20:32,2015,9,2015-9
0,6808,0,21.0,2015-09-20 18:43:08,2015,9,2015-9
0,6807,0,25.0,2015-09-20 17:33:43,2015,9,2015-9
4760,6806,0,21.0,2015-09-19 20:06:36,2015,9,2015-9
0,6805,0,27.0,2015-09-16 16:46:03,2015,9,2015-9
4283,6804,0,36.0,2015-09-15 23:57:42,2015,9,2015-9
0,6803,0,13.0,2015-09-15 21:06:25,2015,9,2015-9
0,6802,0,67.66,2015-09-15 20:25:51,2015,9,2015-9
0,6801,0,13.0,2015-09-14 17:18:36,2015,9,2015-9
5608,6800,0,350.0,2015-09-11 23:46:16,2015,9,2015-9
6151,6799,0,350.0,2015-09-11 23:44:16,2015,9,2015-9
0,6798,0,49.0,2015-09-11 15:49:59,2015,9,2015-9
0,6797,0,12.0,2015-09-10 11:07:18,2015,9,2015-9
5794,6796,0,6.5,2015-09-10 00:46:38,2015,9,2015-9
3815,6795,0,32.5,2015-09-09 23:41:10,2015,9,2015-9
0,6794,0,42.0,2015-09-09 21:59:25,2015,9,2015-9
4553,6793,0,9.0,2015-09-06 22:31:25,2015,9,2015-9
0,6792,0,9.74,2015-09-06 21:36:07,2015,9,2015-9
4171,6791,0,35.0,2015-09-05 05:54:21,2015,9,2015-9
3845,6790,0,31.5,2015-09-04 23:04:23,2015,9,2015-9
4464,6789,0,350.0,2015-09-03 02:00:13,2015,9,2015-9
4464,6788,0,378.87,2015-09-03 01:56:51,2015,9,2015-9
4101,6787,0,28.0,2015-09-02 01:21:27,2015,9,2015-9
5131,6786,0,23.0,2015-09-01 00:49:44,2015,9,2015-9
4337,6785,0,25.0,2015-09-01 00:46:40,2015,9,2015-9
5958,6784,0,54.0,2015-08-31 23:41:55,2015,8,2015-8
0,6783,0,21.0,2015-08-30 21:43:42,2015,8,2015-8
0,6781,0,54.13,2015-08-24 04:51:36,2015,8,2015-8
0,6780,0,4.5,2015-08-24 03:19:26,2015,8,2015-8
5115,6779,0,350.0,2015-08-22 00:06:58,2015,8,2015-8
3475,6778,0,350.0,2015-08-22 00:01:56,2015,8,2015-8
6240,6777,0,250.0,2015-08-21 23:27:03,2015,8,2015-8
6238,6776,0,285.0,2015-08-21 22:55:39,2015,8,2015-8
6005,6775,0,2.5,2015-08-20 13:09:37,2015,8,2015-8
0,6774,0,19.49,2015-08-20 05:41:49,2015,8,2015-8
3880,6773,0,250.0,2015-08-19 22:52:11,2015,8,2015-8
4475,6772,0,14.07,2015-08-18 23:22:00,2015,8,2015-8
0,6768,0,23.0,2015-08-14 20:56:35,2015,8,2015-8
3880,6767,0,80.0,2015-08-14 15:28:23,2015,8,2015-8
4063,6766,0,10.0,2015-08-12 23:18:15,2015,8,2015-8
0,6764,0,25.0,2015-08-11 21:36:08,2015,8,2015-8
0,6763,0,21.0,2015-08-10 03:16:01,2015,8,2015-8
5084,6760,0,42.22,2015-08-06 22:50:55,2015,8,2015-8
5693,6759,0,35.0,2015-08-06 00:24:09,2015,8,2015-8
0,6758,0,21.65,2015-08-05 08:15:32,2015,8,2015-8
4923,6757,0,350.0,2015-08-05 01:41:54,2015,8,2015-8
6232,6756,0,350.0,2015-08-05 01:37:08,2015,8,2015-8
5860,6755,0,400.0,2015-08-05 01:14:04,2015,8,2015-8
0,6754,0,19.49,2015-08-04 04:38:42,2015,8,2015-8
0,6753,0,25.0,2015-08-03 17:58:08,2015,8,2015-8
3475,6752,0,25.0,2015-08-03 16:49:53,2015,8,2015-8
0,6751,0,71.5,2015-08-01 22:17:07,2015,8,2015-8
3523,6750,0,350.0,2015-07-31 00:43:37,2015,7,2015-7
6129,6749,0,350.0,2015-07-31 00:38:38,2015,7,2015-7
4604,6748,0,350.0,2015-07-31 00:27:32,2015,7,2015-7
5446,6746,0,11.37,2015-07-29 03:28:23,2015,7,2015-7
6227,6745,0,167.5,2015-07-29 00:14:07,2015,7,2015-7
6228,6744,0,265.0,2015-07-29 00:01:08,2015,7,2015-7
5053,6743,0,25.0,2015-07-27 21:45:56,2015,7,2015-7
5573,6742,0,36.0,2015-07-27 14:04:49,2015,7,2015-7
3778,6741,0,350.0,2015-07-25 01:24:53,2015,7,2015-7
5718,6740,0,350.0,2015-07-25 01:22:16,2015,7,2015-7
4693,6739,0,265.0,2015-07-25 01:18:13,2015,7,2015-7
4475,6738,0,378.88,2015-07-25 01:12:59,2015,7,2015-7
6221,6737,0,285.0,2015-07-23 22:30:18,2015,7,2015-7
4454,6736,0,39.0,2015-07-23 15:50:23,2015,7,2015-7
0,6735,0,14.0,2015-07-23 15:32:53,2015,7,2015-7
6203,6734,0,10.0,2015-07-21 16:45:14,2015,7,2015-7
4171,6733,0,28.0,2015-07-21 12:47:50,2015,7,2015-7
5665,6732,0,350.0,2015-07-21 00:48:24,2015,7,2015-7
6208,6731,0,350.0,2015-07-21 00:13:29,2015,7,2015-7
5583,6730,0,7.5,2015-07-20 23:38:21,2015,7,2015-7
5164,6729,0,35.0,2015-07-20 15:13:22,2015,7,2015-7
4010,6727,0,350.0,2015-07-16 00:57:15,2015,7,2015-7
3815,6725,0,32.5,2015-07-15 13:11:40,2015,7,2015-7
0,6724,0,6.5,2015-07-14 15:43:31,2015,7,2015-7
5883,6723,0,378.88,2015-07-14 01:19:40,2015,7,2015-7
0,6722,0,7.5,2015-07-13 18:45:32,2015,7,2015-7
0,6721,0,28.0,2015-07-11 19:54:16,2015,7,2015-7
3471,6720,0,350.0,2015-07-10 23:32:42,2015,7,2015-7
0,6719,0,27.06,2015-07-10 05:13:21,2015,7,2015-7
4643,6718,0,350.0,2015-07-10 00:04:14,2015,7,2015-7
6204,6716,0,350.0,2015-07-09 23:53:20,2015,7,2015-7
4821,6715,0,350.0,2015-07-09 22:35:15,2015,7,2015-7
3282,6714,0,14.0,2015-07-09 14:35:26,2015,7,2015-7
0,6713,0,13.0,2015-07-08 16:44:49,2015,7,2015-7
0,6712,0,6.5,2015-07-07 00:13:36,2015,7,2015-7
3941,6710,0,55.0,2015-07-05 22:58:51,2015,7,2015-7
4692,6709,0,31.5,2015-07-03 23:53:49,2015,7,2015-7
6215,6708,0,21.0,2015-07-03 15:48:21,2015,7,2015-7
6214,6707,0,17.7,2015-07-02 21:22:08,2015,7,2015-7
0,6706,0,67.66,2015-07-02 16:18:47,2015,7,2015-7
3483,6705,0,23.0,2015-07-01 22:49:05,2015,7,2015-7
4566,6704,0,250.0,2015-06-29 23:43:03,2015,6,2015-6
0,6703,0,70.0,2015-06-29 19:03:15,2015,6,2015-6
6206,6702,0,350.0,2015-06-26 22:29:58,2015,6,2015-6
6210,6701,0,350.0,2015-06-26 22:03:09,2015,6,2015-6
3611,6700,0,350.0,2015-06-26 00:12:41,2015,6,2015-6
0,6699,0,22.5,2015-06-25 02:04:35,2015,6,2015-6
0,6697,0,15.16,2015-06-22 20:09:43,2015,6,2015-6
6191,6696,0,40.59,2015-06-21 23:46:59,2015,6,2015-6
3823,6694,0,350.0,2015-06-20 00:27:07,2015,6,2015-6
5521,6692,0,350.0,2015-06-19 17:33:26,2015,6,2015-6
3475,6691,0,350.0,2015-06-19 00:21:20,2015,6,2015-6
0,6690,0,23.0,2015-06-18 22:36:35,2015,6,2015-6
6203,6689,0,350.0,2015-06-17 00:11:39,2015,6,2015-6
0,6688,0,19.5,2015-06-16 12:20:56,2015,6,2015-6
6202,6687,0,70.0,2015-06-15 20:03:38,2015,6,2015-6
4980,6686,0,4.87,2015-06-15 01:59:47,2015,6,2015-6
0,6685,0,14.0,2015-06-13 23:07:01,2015,6,2015-6
3554,6684,0,6.5,2015-06-11 22:41:38,2015,6,2015-6
0,6683,0,15.16,2015-06-09 04:30:22,2015,6,2015-6
0,6682,0,29.23,2015-06-08 08:34:03,2015,6,2015-6
4270,6681,0,350.0,2015-06-06 00:10:05,2015,6,2015-6
3255,6680,0,10.83,2015-06-05 17:04:02,2015,6,2015-6
4171,6678,0,28.0,2015-06-03 13:30:14,2015,6,2015-6
3416,6677,0,250.0,2015-06-03 00:03:45,2015,6,2015-6
6186,6676,0,250.0,2015-06-01 23:23:46,2015,6,2015-6
0,6675,0,9.0,2015-06-01 17:44:40,2015,6,2015-6
5053,6674,0,21.0,2015-05-30 01:50:38,2015,5,2015-5
3815,6673,0,32.5,2015-05-29 17:49:52,2015,5,2015-5
0,6671,0,70.0,2015-05-28 18:02:47,2015,5,2015-5
4283,6670,0,36.0,2015-05-26 23:39:52,2015,5,2015-5
5708,6666,0,378.88,2015-05-23 00:50:38,2015,5,2015-5
4063,6665,0,200.0,2015-05-22 23:39:36,2015,5,2015-5
3660,6664,0,350.0,2015-05-21 00:45:25,2015,5,2015-5
0,6662,0,6.5,2015-05-20 17:01:48,2015,5,2015-5
6052,6661,0,265.0,2015-05-20 00:16:21,2015,5,2015-5
0,6660,0,43.0,2015-05-19 18:06:29,2015,5,2015-5
0,6659,0,14.0,2015-05-17 14:47:31,2015,5,2015-5
0,6658,0,52.5,2015-05-15 22:55:31,2015,5,2015-5
0,6657,0,10.0,2015-05-13 21:44:04,2015,5,2015-5
0,6656,0,7.0,2015-05-13 02:23:36,2015,5,2015-5
4825,6655,0,10.5,2015-05-11 16:23:38,2015,5,2015-5
5143,6654,0,300.0,2015-05-08 22:51:41,2015,5,2015-5
6186,6653,0,350.0,2015-05-08 22:46:39,2015,5,2015-5
4423,6652,0,350.0,2015-05-08 22:37:30,2015,5,2015-5
5114,6651,0,378.88,2015-05-08 22:30:44,2015,5,2015-5
0,6650,0,13.0,2015-05-05 20:21:26,2015,5,2015-5
0,6649,0,12.5,2015-05-05 18:37:13,2015,5,2015-5
0,6648,0,48.71,2015-05-04 23:16:34,2015,5,2015-5
4439,6647,0,3.79,2015-05-04 20:49:41,2015,5,2015-5
0,6646,0,67.66,2015-05-04 20:00:57,2015,5,2015-5
0,6644,0,27.06,2015-05-01 17:56:05,2015,5,2015-5
5326,6643,0,378.88,2015-04-30 00:12:25,2015,4,2015-4
3475,6642,0,6.5,2015-04-29 16:51:50,2015,4,2015-4
5749,6641,0,9.0,2015-04-29 02:35:12,2015,4,2015-4
0,6640,0,9.0,2015-04-28 05:23:15,2015,4,2015-4
0,6639,0,18.0,2015-04-26 15:09:09,2015,4,2015-4
6196,6638,0,32.5,2015-04-25 14:43:39,2015,4,2015-4
5766,6637,0,350.0,2015-04-24 21:00:22,2015,4,2015-4
0,6635,0,27.0,2015-04-24 17:19:45,2015,4,2015-4
5514,6633,0,350.0,2015-04-23 23:48:17,2015,4,2015-4
5563,6632,0,270.63,2015-04-23 21:42:08,2015,4,2015-4
3475,6631,0,350.0,2015-04-23 14:54:39,2015,4,2015-4
6195,6630,0,270.0,2015-04-22 23:41:46,2015,4,2015-4
3757,6629,0,21.0,2015-04-22 23:24:44,2015,4,2015-4
5576,6628,0,46.0,2015-04-22 21:51:02,2015,4,2015-4
3598,6627,0,350.0,2015-04-17 20:05:47,2015,4,2015-4
4927,6625,0,378.88,2015-04-15 23:52:19,2015,4,2015-4
5723,6624,0,350.0,2015-04-15 23:48:41,2015,4,2015-4
4171,6622,0,28.0,2015-04-15 03:29:11,2015,4,2015-4
5963,6621,0,200.0,2015-04-13 22:12:17,2015,4,2015-4
6193,6620,0,3.5,2015-04-11 15:48:11,2015,4,2015-4
6111,6619,0,12.0,2015-04-11 15:25:56,2015,4,2015-4
5226,6617,0,9.0,2015-04-10 00:10:33,2015,4,2015-4
0,6616,0,6.5,2015-04-09 23:53:02,2015,4,2015-4
5253,6615,0,350.0,2015-04-09 00:29:12,2015,4,2015-4
5342,6614,0,350.0,2015-04-09 00:26:54,2015,4,2015-4
0,6612,0,14.0,2015-04-08 13:51:00,2015,4,2015-4
3306,6611,0,35.4,2015-04-08 00:03:52,2015,4,2015-4
3241,6610,0,350.0,2015-04-08 00:02:48,2015,4,2015-4
3815,6609,0,32.5,2015-04-07 23:42:19,2015,4,2015-4
5506,6608,0,18.0,2015-04-07 12:45:02,2015,4,2015-4
4822,6607,0,7.0,2015-04-06 23:51:54,2015,4,2015-4
0,6606,0,29.23,2015-04-05 16:54:08,2015,4,2015-4
4305,6605,0,350.0,2015-04-02 23:27:32,2015,4,2015-4
4337,6604,0,375.0,2015-04-02 23:20:49,2015,4,2015-4
0,6603,0,70.0,2015-04-02 20:11:02,2015,4,2015-4
5589,6602,0,19.5,2015-04-02 14:36:10,2015,4,2015-4
5516,6601,0,175.0,2015-03-29 20:17:53,2015,3,2015-3
6191,6600,0,40.59,2015-03-29 17:17:16,2015,3,2015-3
6076,6599,0,9.0,2015-03-29 14:46:53,2015,3,2015-3
4917,6598,0,350.0,2015-03-27 22:24:50,2015,3,2015-3
3370,6597,0,350.0,2015-03-27 22:17:19,2015,3,2015-3
0,6595,0,18.0,2015-03-26 19:23:49,2015,3,2015-3
6186,6594,0,10.5,2015-03-24 23:25:05,2015,3,2015-3
5583,6593,0,7.5,2015-03-23 23:25:14,2015,3,2015-3
5115,6591,0,350.0,2015-03-23 22:11:36,2015,3,2015-3
4464,6590,0,378.88,2015-03-23 22:05:20,2015,3,2015-3
5232,6589,0,38.97,2015-03-22 00:19:10,2015,3,2015-3
0,6587,0,42.22,2015-03-20 20:11:20,2015,3,2015-3
4980,6586,0,4.87,2015-03-20 05:03:00,2015,3,2015-3
6189,6585,0,350.0,2015-03-18 00:13:20,2015,3,2015-3
6053,6584,0,385.0,2015-03-17 23:41:17,2015,3,2015-3
0,6583,0,21.65,2015-03-17 05:37:54,2015,3,2015-3
0,6582,0,15.0,2015-03-16 18:07:06,2015,3,2015-3
0,6581,0,18.0,2015-03-16 15:35:31,2015,3,2015-3
5633,6580,0,350.0,2015-03-13 22:42:54,2015,3,2015-3
0,6579,0,18.0,2015-03-12 00:08:26,2015,3,2015-3
0,6578,0,67.66,2015-03-10 17:53:05,2015,3,2015-3
6187,6575,0,350.0,2015-03-06 23:34:38,2015,3,2015-3
4892,6574,0,350.0,2015-03-06 23:03:55,2015,3,2015-3
0,6573,0,14.0,2015-03-06 17:53:54,2015,3,2015-3
0,6572,0,12.99,2015-03-05 20:03:28,2015,3,2015-3
0,6571,0,46.0,2015-03-03 22:53:49,2015,3,2015-3
0,6570,0,15.15,2015-03-03 22:30:26,2015,3,2015-3
0,6569,0,17.5,2015-03-03 07:22:47,2015,3,2015-3
0,6568,0,10.0,2015-03-01 20:44:28,2015,3,2015-3
5077,6566,0,350.0,2015-02-27 01:31:13,2015,2,2015-2
0,6565,0,17.5,2015-02-26 20:24:26,2015,2,2015-2
0,6564,0,9.0,2015-02-25 17:34:30,2015,2,2015-2
4171,6563,0,28.0,2015-02-23 13:05:00,2015,2,2015-2
0,6562,0,70.0,2015-02-20 19:37:37,2015,2,2015-2
0,6561,0,9.0,2015-02-18 16:20:55,2015,2,2015-2
6140,6560,0,350.0,2015-02-18 01:25:45,2015,2,2015-2
6185,6559,0,7.5,2015-02-16 12:21:58,2015,2,2015-2
0,6558,0,52.0,2015-02-13 22:52:19,2015,2,2015-2
3815,6557,0,32.5,2015-02-11 13:54:57,2015,2,2015-2
3880,6556,0,30.0,2015-02-11 13:13:11,2015,2,2015-2
3475,6555,0,14.0,2015-02-10 03:34:38,2015,2,2015-2
0,6554,0,46.0,2015-02-10 01:26:54,2015,2,2015-2
5749,6553,0,10.0,2015-02-07 23:27:08,2015,2,2015-2
5862,6552,0,378.88,2015-02-06 01:50:59,2015,2,2015-2
5517,6551,0,350.0,2015-02-06 01:46:57,2015,2,2015-2
5553,6550,0,350.0,2015-02-06 01:25:20,2015,2,2015-2
0,6549,0,20.0,2015-02-05 16:17:38,2015,2,2015-2
0,6548,0,13.0,2015-02-05 13:53:47,2015,2,2015-2
4553,6547,0,4.5,2015-02-03 16:16:03,2015,2,2015-2
0,6546,0,10.5,2015-02-02 21:47:34,2015,2,2015-2
0,6545,0,14.0,2015-01-31 06:20:43,2015,1,2015-1
4283,6543,0,27.0,2015-01-30 16:38:52,2015,1,2015-1
5226,6542,0,9.0,2015-01-27 15:07:06,2015,1,2015-1
0,6541,0,12.99,2015-01-26 20:27:01,2015,1,2015-1
4760,6540,0,7.0,2015-01-26 01:06:35,2015,1,2015-1
5164,6539,0,35.0,2015-01-25 17:39:06,2015,1,2015-1
5506,6538,0,9.0,2015-01-24 15:29:47,2015,1,2015-1
4091,6535,0,378.88,2015-01-24 01:23:27,2015,1,2015-1
5665,6534,0,350.0,2015-01-24 01:16:34,2015,1,2015-1
0,6533,0,12.0,2015-01-22 22:42:01,2015,1,2015-1
3306,6532,0,24.36,2015-01-22 06:15:03,2015,1,2015-1
0,6531,0,27.0,2015-01-21 17:28:06,2015,1,2015-1
4584,6530,0,27.0,2015-01-21 01:46:26,2015,1,2015-1
4643,6527,0,350.0,2015-01-17 01:38:28,2015,1,2015-1
0,6525,0,10.5,2015-01-16 20:59:06,2015,1,2015-1
4933,6524,0,19.48,2015-01-16 20:47:14,2015,1,2015-1
0,6523,0,21.0,2015-01-16 04:47:32,2015,1,2015-1
6129,6522,0,350.0,2015-01-14 00:22:15,2015,1,2015-1
3611,6521,0,350.0,2015-01-14 00:15:50,2015,1,2015-1
4710,6520,0,350.0,2015-01-14 00:07:29,2015,1,2015-1
3763,6519,0,350.0,2015-01-13 23:55:33,2015,1,2015-1
6151,6518,0,350.0,2015-01-13 23:45:02,2015,1,2015-1
0,6517,0,17.5,2015-01-12 17:54:11,2015,1,2015-1
4337,6516,0,70.0,2015-01-09 22:28:12,2015,1,2015-1
5777,6515,0,67.66,2015-01-08 22:54:35,2015,1,2015-1
6063,6514,0,350.0,2015-01-07 23:40:02,2015,1,2015-1
6182,6513,0,35.0,2015-01-07 21:42:12,2015,1,2015-1
5253,6512,0,17.5,2015-01-05 21:55:47,2015,1,2015-1
6120,6511,0,6.5,2015-01-03 00:01:31,2015,1,2015-1
4817,6508,0,26.0,2014-12-31 00:54:36,2014,12,2014-12
4171,6507,0,28.0,2014-12-30 22:24:19,2014,12,2014-12
3941,6506,0,3.75,2014-12-30 19:52:13,2014,12,2014-12
5131,6505,0,12.0,2014-12-30 00:13:08,2014,12,2014-12
4879,6504,0,20.0,2014-12-25 20:36:04,2014,12,2014-12
3475,6503,0,350.0,2014-12-23 00:05:26,2014,12,2014-12
6052,6502,0,350.0,2014-12-20 01:23:36,2014,12,2014-12
6180,6501,0,18.0,2014-12-19 17:32:31,2014,12,2014-12
0,6500,0,39.0,2014-12-16 20:18:54,2014,12,2014-12
6179,6499,0,6.0,2014-12-16 00:58:28,2014,12,2014-12
3699,6498,0,19.5,2014-12-15 23:55:11,2014,12,2014-12
5554,6497,0,25.0,2014-12-13 14:54:15,2014,12,2014-12
5404,6496,0,378.88,2014-12-12 23:52:02,2014,12,2014-12
3236,6495,0,350.0,2014-12-12 22:40:50,2014,12,2014-12
4010,6494,0,350.0,2014-12-12 22:05:11,2014,12,2014-12
5740,6492,0,7.5,2014-12-11 00:23:43,2014,12,2014-12
5797,6491,0,270.63,2014-12-06 01:20:08,2014,12,2014-12
5608,6490,0,350.0,2014-12-06 00:06:30,2014,12,2014-12
5260,6489,0,350.0,2014-12-05 23:56:57,2014,12,2014-12
0,6488,0,4.5,2014-12-05 23:19:17,2014,12,2014-12
0,6487,0,14.0,2014-12-05 20:49:12,2014,12,2014-12
3815,6486,0,350.0,2014-12-05 00:03:31,2014,12,2014-12
3471,6485,0,350.0,2014-12-04 22:48:45,2014,12,2014-12
0,6483,0,9.0,2014-12-03 17:56:26,2014,12,2014-12
5521,6482,0,250.0,2014-12-03 00:21:21,2014,12,2014-12
0,6481,0,12.0,2014-12-02 19:56:19,2014,12,2014-12
5749,6480,0,9.0,2014-12-02 14:59:55,2014,12,2014-12
3815,6479,0,32.5,2014-12-02 04:01:12,2014,12,2014-12
4949,6477,0,45.0,2014-12-02 00:03:21,2014,12,2014-12
0,6476,0,18.0,2014-12-01 02:09:26,2014,12,2014-12
3306,6475,0,16.24,2014-11-30 17:50:39,2014,11,2014-11
0,6474,0,15.15,2014-11-29 05:58:34,2014,11,2014-11
5765,6473,0,25.0,2014-11-28 16:57:11,2014,11,2014-11
3236,6472,0,17.5,2014-11-27 16:19:14,2014,11,2014-11
6160,6471,0,10.0,2014-11-27 00:15:24,2014,11,2014-11
5645,6467,0,70.0,2014-11-26 02:34:29,2014,11,2014-11
4004,6466,0,350.0,2014-11-26 00:47:34,2014,11,2014-11
4933,6465,0,378.88,2014-11-25 03:11:35,2014,11,2014-11
0,6464,0,45.0,2014-11-24 00:55:52,2014,11,2014-11
0,6463,0,28.0,2014-11-23 19:44:22,2014,11,2014-11
4063,6462,0,300.0,2014-11-22 00:19:56,2014,11,2014-11
0,6461,0,19.49,2014-11-20 22:28:47,2014,11,2014-11
0,6460,0,27.07,2014-11-20 22:28:45,2014,11,2014-11
0,6459,0,50.0,2014-11-19 22:12:23,2014,11,2014-11
0,6458,0,42.0,2014-11-19 19:25:14,2014,11,2014-11
0,6457,0,9.0,2014-11-17 20:59:26,2014,11,2014-11
5053,6456,0,25.0,2014-11-15 19:43:10,2014,11,2014-11
3714,6455,0,62.5,2014-11-15 00:12:03,2014,11,2014-11
4283,6454,0,6.0,2014-11-14 21:08:35,2014,11,2014-11
3570,6453,0,10.5,2014-11-14 14:01:20,2014,11,2014-11
5583,6452,0,6.5,2014-11-13 21:54:46,2014,11,2014-11
0,6451,0,67.66,2014-11-13 21:09:56,2014,11,2014-11
0,6450,0,3.5,2014-11-13 11:17:27,2014,11,2014-11
6132,6449,0,378.88,2014-11-12 23:26:53,2014,11,2014-11
5226,6447,0,9.0,2014-11-11 15:51:38,2014,11,2014-11
0,6445,0,26.0,2014-11-08 13:33:01,2014,11,2014-11
3388,6444,0,26.0,2014-11-08 06:00:59,2014,11,2014-11
4652,6443,0,8.0,2014-11-05 22:59:25,2014,11,2014-11
6043,6442,0,250.0,2014-11-03 20:44:52,2014,11,2014-11
5708,6441,0,378.88,2014-10-31 22:37:29,2014,10,2014-10
5398,6439,0,350.0,2014-10-30 23:41:44,2014,10,2014-10
0,6438,0,6.5,2014-10-30 01:22:40,2014,10,2014-10
4891,6437,0,90.0,2014-10-29 20:08:03,2014,10,2014-10
4283,6436,0,40.5,2014-10-29 17:17:34,2014,10,2014-10
0,6435,0,15.16,2014-10-28 06:28:50,2014,10,2014-10
0,6434,0,10.5,2014-10-27 17:55:05,2014,10,2014-10
4760,6433,0,3.5,2014-10-27 00:23:02,2014,10,2014-10
0,6432,0,11.36,2014-10-25 17:07:28,2014,10,2014-10
5261,6431,0,350.0,2014-10-24 20:48:31,2014,10,2014-10
5794,6430,0,250.0,2014-10-24 19:23:09,2014,10,2014-10
3475,6429,0,25.0,2014-10-24 03:44:04,2014,10,2014-10
5077,6428,0,350.0,2014-10-22 22:38:45,2014,10,2014-10
0,6427,0,39.0,2014-10-22 20:12:19,2014,10,2014-10
0,6426,0,7.5,2014-10-22 17:43:04,2014,10,2014-10
4171,6425,0,3.5,2014-10-21 06:00:16,2014,10,2014-10
4825,6424,0,18.0,2014-10-20 14:55:26,2014,10,2014-10
5115,6423,0,350.0,2014-10-17 23:11:32,2014,10,2014-10
6132,6422,0,378.88,2014-10-17 23:02:54,2014,10,2014-10
4482,6421,0,350.0,2014-10-17 22:57:24,2014,10,2014-10
4927,6420,0,378.88,2014-10-17 22:33:41,2014,10,2014-10
5987,6419,0,378.88,2014-10-17 22:27:44,2014,10,2014-10
0,6417,0,10.83,2014-10-17 04:39:04,2014,10,2014-10
0,6416,0,27.0,2014-10-15 12:04:04,2014,10,2014-10
5709,6415,0,10.5,2014-10-14 21:18:31,2014,10,2014-10
3635,6414,0,15.15,2014-10-14 18:55:55,2014,10,2014-10
5084,6413,0,42.22,2014-10-10 23:15:11,2014,10,2014-10
3815,6412,0,32.5,2014-10-08 18:07:10,2014,10,2014-10
4454,6411,0,3.5,2014-10-08 14:55:11,2014,10,2014-10
3483,6410,0,23.0,2014-10-07 18:45:07,2014,10,2014-10
0,6409,0,62.5,2014-10-06 16:44:07,2014,10,2014-10
0,6408,0,10.5,2014-10-06 03:26:26,2014,10,2014-10
5342,6407,0,350.0,2014-10-03 23:01:07,2014,10,2014-10
5404,6406,0,378.88,2014-10-03 22:57:10,2014,10,2014-10
3815,6405,0,350.0,2014-10-03 22:31:26,2014,10,2014-10
6083,6401,0,300.0,2014-10-02 20:45:03,2014,10,2014-10
4584,6400,0,7.0,2014-10-02 20:30:00,2014,10,2014-10
6076,6399,0,9.0,2014-10-02 11:14:39,2014,10,2014-10
4692,6398,0,31.5,2014-10-02 00:15:33,2014,10,2014-10
0,6397,0,7.03,2014-10-01 16:08:24,2014,10,2014-10
5573,6396,0,18.0,2014-09-30 14:31:32,2014,9,2014-9
6115,6395,0,18.94,2014-09-29 19:59:42,2014,9,2014-9
3475,6394,0,9.0,2014-09-27 14:45:36,2014,9,2014-9
5131,6393,0,6.0,2014-09-26 21:58:17,2014,9,2014-9
5842,6391,0,350.0,2014-09-24 20:53:28,2014,9,2014-9
3598,6390,0,350.0,2014-09-24 20:07:22,2014,9,2014-9
0,6389,0,18.0,2014-09-24 16:58:17,2014,9,2014-9
3757,6387,0,350.0,2014-09-24 00:05:25,2014,9,2014-9
5389,6386,0,40.59,2014-09-23 22:54:22,2014,9,2014-9
5112,6385,0,35.0,2014-09-23 14:58:28,2014,9,2014-9
4063,6384,0,10.0,2014-09-22 22:51:26,2014,9,2014-9
0,6383,0,14.0,2014-09-22 17:00:54,2014,9,2014-9
0,6382,0,9.0,2014-09-21 19:17:50,2014,9,2014-9
6159,6381,0,324.75,2014-09-19 23:50:10,2014,9,2014-9
6053,6380,0,385.0,2014-09-19 23:31:50,2014,9,2014-9
0,6379,0,39.0,2014-09-19 19:57:58,2014,9,2014-9
5311,6378,0,250.0,2014-09-18 22:39:13,2014,9,2014-9
5777,6377,0,67.66,2014-09-18 20:12:30,2014,9,2014-9
5131,6376,0,6.0,2014-09-17 22:16:51,2014,9,2014-9
4488,6375,0,78.0,2014-09-17 21:35:05,2014,9,2014-9
0,6374,0,7.03,2014-09-17 17:21:40,2014,9,2014-9
0,6373,0,6.5,2014-09-16 21:50:12,2014,9,2014-9
6160,6372,0,308.51,2014-09-15 22:56:24,2014,9,2014-9
0,6371,0,36.0,2014-09-14 22:33:27,2014,9,2014-9
5645,6370,0,70.0,2014-09-13 03:47:06,2014,9,2014-9
3523,6367,0,350.0,2014-09-11 23:19:33,2014,9,2014-9
4892,6365,0,350.0,2014-09-11 21:02:42,2014,9,2014-9
0,6364,0,67.66,2014-09-10 20:51:28,2014,9,2014-9
0,6363,0,13.0,2014-09-10 18:47:09,2014,9,2014-9
6156,6361,0,400.0,2014-09-09 21:41:56,2014,9,2014-9
5874,6360,0,385.0,2014-09-09 21:27:06,2014,9,2014-9
5185,6359,0,378.88,2014-09-09 21:21:56,2014,9,2014-9
3255,6358,0,9.75,2014-09-06 05:52:08,2014,9,2014-9
0,6357,0,18.0,2014-09-04 14:11:17,2014,9,2014-9
5749,6356,0,13.5,2014-09-04 02:53:29,2014,9,2014-9
6052,6355,0,350.0,2014-09-02 23:42:02,2014,9,2014-9
0,6354,0,54.13,2014-09-02 23:35:59,2014,9,2014-9
4980,6353,0,4.87,2014-09-02 00:56:23,2014,9,2014-9
3306,6352,0,35.18,2014-08-31 16:22:48,2014,8,2014-8
0,6351,0,26.0,2014-08-31 14:18:47,2014,8,2014-8
5340,6350,0,15.15,2014-08-28 15:05:44,2014,8,2014-8
6151,6347,0,250.0,2014-08-27 22:34:37,2014,8,2014-8
4877,6346,0,400.0,2014-08-27 19:23:50,2014,8,2014-8
3388,6345,0,31.5,2014-08-27 05:19:59,2014,8,2014-8
5963,6344,0,350.0,2014-08-26 22:51:36,2014,8,2014-8
6154,6343,0,250.0,2014-08-26 22:43:07,2014,8,2014-8
5996,6342,0,378.88,2014-08-26 21:52:37,2014,8,2014-8
0,6341,0,14.0,2014-08-24 23:45:05,2014,8,2014-8
4171,6340,0,3.5,2014-08-23 13:04:49,2014,8,2014-8
4283,6339,0,22.5,2014-08-21 18:51:22,2014,8,2014-8
5097,6338,0,26.0,2014-08-20 13:19:42,2014,8,2014-8
5694,6337,0,49.25,2014-08-18 20:57:13,2014,8,2014-8
6115,6336,0,14.62,2014-08-18 16:43:49,2014,8,2014-8
5053,6335,0,10.0,2014-08-16 16:12:57,2014,8,2014-8
5226,6332,0,10.0,2014-08-14 20:25:04,2014,8,2014-8
6151,6329,0,350.0,2014-08-13 22:47:26,2014,8,2014-8
5953,6328,0,250.0,2014-08-13 22:04:54,2014,8,2014-8
6150,6327,0,350.0,2014-08-13 00:14:29,2014,8,2014-8
6149,6326,0,350.0,2014-08-12 23:57:40,2014,8,2014-8
6147,6325,0,378.88,2014-08-11 21:16:24,2014,8,2014-8
5963,6323,0,85.0,2014-08-07 22:07:51,2014,8,2014-8
3622,6322,0,350.0,2014-08-06 23:45:43,2014,8,2014-8
3475,6321,0,350.0,2014-08-06 23:22:14,2014,8,2014-8
4542,6320,0,17.5,2014-08-05 19:30:02,2014,8,2014-8
4708,6318,0,350.0,2014-08-04 20:25:46,2014,8,2014-8
5132,6317,0,350.0,2014-08-04 20:19:02,2014,8,2014-8
0,6316,0,46.0,2014-08-04 18:46:32,2014,8,2014-8
6146,6315,0,3.5,2014-08-03 13:05:35,2014,8,2014-8
0,6314,0,65.0,2014-08-01 14:47:19,2014,8,2014-8
6144,6313,0,35.0,2014-08-01 04:06:34,2014,8,2014-8
4016,6312,0,378.88,2014-07-31 23:55:39,2014,7,2014-7
5164,6311,0,35.0,2014-07-31 20:24:44,2014,7,2014-7
3815,6310,0,32.5,2014-07-31 13:48:05,2014,7,2014-7
0,6309,0,6.5,2014-07-30 23:16:01,2014,7,2014-7
0,6308,0,10.0,2014-07-30 14:10:54,2014,7,2014-7
0,6307,0,21.0,2014-07-30 11:17:08,2014,7,2014-7
0,6306,0,9.0,2014-07-29 20:02:21,2014,7,2014-7
6140,6305,0,350.0,2014-07-29 00:03:35,2014,7,2014-7
4660,6303,0,350.0,2014-07-25 23:09:51,2014,7,2014-7
3556,6302,0,350.0,2014-07-25 23:03:26,2014,7,2014-7
6139,6298,0,250.0,2014-07-25 21:10:31,2014,7,2014-7
3757,6296,0,21.0,2014-07-24 20:39:20,2014,7,2014-7
5131,6295,0,13.0,2014-07-24 19:53:43,2014,7,2014-7
4660,6294,0,350.0,2014-07-24 19:46:57,2014,7,2014-7
0,6293,0,7.04,2014-07-24 17:18:30,2014,7,2014-7
6131,6290,0,265.0,2014-07-23 20:13:13,2014,7,2014-7
6136,6289,0,250.0,2014-07-21 19:50:55,2014,7,2014-7
0,6288,0,4.87,2014-07-21 03:20:26,2014,7,2014-7
0,6287,0,7.04,2014-07-20 18:40:05,2014,7,2014-7
4337,6286,0,25.0,2014-07-17 22:29:54,2014,7,2014-7
5077,6285,0,40.0,2014-07-17 21:49:16,2014,7,2014-7
3615,6284,0,35.0,2014-07-16 20:20:36,2014,7,2014-7
5232,6283,0,54.13,2014-07-12 17:54:45,2014,7,2014-7
0,6282,0,4.5,2014-07-11 19:06:20,2014,7,2014-7
0,6281,0,67.66,2014-07-10 17:50:19,2014,7,2014-7
4171,6280,0,3.5,2014-07-08 15:56:40,2014,7,2014-7
0,6279,0,27.06,2014-07-08 01:23:21,2014,7,2014-7
0,6278,0,10.5,2014-07-07 20:27:13,2014,7,2014-7
0,6277,0,13.5,2014-07-04 21:56:09,2014,7,2014-7
5114,6276,0,378.88,2014-07-03 23:10:32,2014,7,2014-7
6128,6274,0,378.88,2014-07-03 22:20:31,2014,7,2014-7
5143,6273,0,300.0,2014-07-03 22:10:24,2014,7,2014-7
6076,6272,0,35.0,2014-07-03 15:58:00,2014,7,2014-7
6126,6271,0,350.0,2014-07-03 00:41:17,2014,7,2014-7
6101,6270,0,18.0,2014-07-02 23:36:33,2014,7,2014-7
3941,6268,0,3.75,2014-07-02 18:13:08,2014,7,2014-7
0,6267,0,10.5,2014-07-02 17:49:40,2014,7,2014-7
6047,6266,0,350.0,2014-07-02 00:18:44,2014,7,2014-7
4825,6264,0,10.5,2014-06-30 19:10:36,2014,6,2014-6
0,6263,0,22.5,2014-06-30 19:05:57,2014,6,2014-6
6122,6262,0,350.0,2014-06-28 02:43:10,2014,6,2014-6
6121,6261,0,400.0,2014-06-28 02:28:14,2014,6,2014-6
0,6259,0,400.0,2014-06-26 00:01:50,2014,6,2014-6
0,6258,0,9.0,2014-06-25 20:02:51,2014,6,2014-6
0,6257,0,18.95,2014-06-24 21:40:47,2014,6,2014-6
0,6256,0,25.0,2014-06-24 17:31:59,2014,6,2014-6
0,6255,0,35.4,2014-06-24 16:50:48,2014,6,2014-6
3763,6254,0,350.0,2014-06-20 23:10:19,2014,6,2014-6
5765,6252,0,6.5,2014-06-20 17:48:43,2014,6,2014-6
0,6251,0,13.0,2014-06-20 15:57:15,2014,6,2014-6
4760,6250,0,7.0,2014-06-19 02:57:42,2014,6,2014-6
0,6248,0,113.66,2014-06-17 05:19:54,2014,6,2014-6
6115,6247,0,14.61,2014-06-16 04:59:00,2014,6,2014-6
0,6246,0,3.5,2014-06-13 16:57:48,2014,6,2014-6
0,6245,0,19.49,2014-06-13 16:36:28,2014,6,2014-6
3570,6244,0,10.5,2014-06-13 13:24:32,2014,6,2014-6
6112,6243,0,265.0,2014-06-13 00:07:33,2014,6,2014-6
4566,6242,0,250.0,2014-06-11 23:48:37,2014,6,2014-6
3236,6241,0,17.5,2014-06-11 18:29:19,2014,6,2014-6
6111,6240,0,80.0,2014-06-07 00:37:54,2014,6,2014-6
0,6238,0,21.0,2014-06-06 21:59:08,2014,6,2014-6
3306,6237,0,17.7,2014-06-06 17:59:39,2014,6,2014-6
0,6236,0,21.0,2014-06-05 17:14:06,2014,6,2014-6
5386,6235,0,265.0,2014-06-04 23:02:17,2014,6,2014-6
4439,6234,0,3.79,2014-06-04 19:44:19,2014,6,2014-6
0,6233,0,8.66,2014-06-04 17:14:57,2014,6,2014-6
3815,6232,0,32.5,2014-06-04 14:16:46,2014,6,2014-6
6108,6231,0,300.0,2014-06-03 22:50:46,2014,6,2014-6
0,6230,0,21.0,2014-06-03 20:30:55,2014,6,2014-6
0,6228,0,70.0,2014-06-02 17:23:44,2014,6,2014-6
6107,6227,0,10.5,2014-06-02 13:32:30,2014,6,2014-6
0,6226,0,18.0,2014-06-01 20:11:38,2014,6,2014-6
4171,6225,0,3.5,2014-05-30 05:23:34,2014,5,2014-5
5682,6224,0,250.0,2014-05-29 23:37:33,2014,5,2014-5
4283,6222,0,27.0,2014-05-29 19:44:46,2014,5,2014-5
3622,6221,0,210.0,2014-05-28 22:13:29,2014,5,2014-5
6082,6220,0,285.0,2014-05-27 23:07:38,2014,5,2014-5
0,6218,0,6.0,2014-05-23 21:21:53,2014,5,2014-5
0,6217,0,28.0,2014-05-23 13:12:54,2014,5,2014-5
6103,6213,0,350.0,2014-05-20 00:26:15,2014,5,2014-5
5794,6210,0,25.0,2014-05-19 21:24:53,2014,5,2014-5
0,6209,0,6.0,2014-05-19 20:29:10,2014,5,2014-5
0,6208,0,39.0,2014-05-19 17:35:55,2014,5,2014-5
4423,6206,0,350.0,2014-05-17 00:10:31,2014,5,2014-5
4553,6205,0,9.0,2014-05-16 17:46:57,2014,5,2014-5
0,6204,0,7.5,2014-05-16 01:52:45,2014,5,2014-5
5053,6203,0,10.5,2014-05-15 15:53:49,2014,5,2014-5
6085,6202,0,10.82,2014-05-14 23:54:09,2014,5,2014-5
6095,6200,0,350.0,2014-05-14 22:43:04,2014,5,2014-5
4917,6199,0,350.0,2014-05-14 22:09:32,2014,5,2014-5
0,6198,0,40.59,2014-05-14 20:21:11,2014,5,2014-5
6099,6197,0,12.5,2014-05-13 23:05:23,2014,5,2014-5
6060,6196,0,378.88,2014-05-13 22:43:11,2014,5,2014-5
6093,6194,0,285.0,2014-05-12 23:46:51,2014,5,2014-5
5506,6193,0,350.0,2014-05-12 20:38:22,2014,5,2014-5
0,6192,0,42.22,2014-05-12 20:03:21,2014,5,2014-5
0,6191,0,39.0,2014-05-12 16:54:09,2014,5,2014-5
6096,6190,0,350.0,2014-05-09 00:08:55,2014,5,2014-5
5986,6189,0,350.0,2014-05-08 23:24:41,2014,5,2014-5
0,6188,0,3.5,2014-05-08 23:18:18,2014,5,2014-5
5342,6187,0,350.0,2014-05-08 22:09:53,2014,5,2014-5
6045,6186,0,300.0,2014-05-07 03:21:30,2014,5,2014-5
4821,6185,0,21.5,2014-05-07 03:11:05,2014,5,2014-5
6087,6184,0,350.0,2014-05-07 02:00:19,2014,5,2014-5
0,6183,0,6.5,2014-05-07 01:52:46,2014,5,2014-5
0,6182,0,13.0,2014-05-06 20:04:46,2014,5,2014-5
0,6181,0,21.11,2014-05-06 19:26:40,2014,5,2014-5
0,6180,0,6.0,2014-05-05 15:45:03,2014,5,2014-5
5749,6179,0,27.0,2014-05-03 14:11:12,2014,5,2014-5
0,6178,0,9.0,2014-05-02 20:39:58,2014,5,2014-5
6053,6177,0,350.0,2014-05-02 00:46:56,2014,5,2014-5
6053,6176,0,350.0,2014-05-02 00:42:01,2014,5,2014-5
4932,6175,0,13.5,2014-05-02 00:16:57,2014,5,2014-5
4564,6173,0,19.0,2014-05-01 23:49:58,2014,5,2014-5
5077,6172,0,350.0,2014-05-01 03:04:22,2014,5,2014-5
5855,6171,0,350.0,2014-05-01 02:38:30,2014,5,2014-5
6047,6170,0,350.0,2014-05-01 02:08:00,2014,5,2014-5
5265,6168,0,350.0,2014-04-29 01:46:02,2014,4,2014-4
0,6166,0,11.36,2014-04-27 19:00:51,2014,4,2014-4
5639,6165,0,150.0,2014-04-26 00:18:07,2014,4,2014-4
6083,6164,0,335.0,2014-04-25 23:22:13,2014,4,2014-4
6043,6163,0,250.0,2014-04-25 01:04:48,2014,4,2014-4
6043,6162,0,250.0,2014-04-25 01:02:44,2014,4,2014-4
5253,6161,0,350.0,2014-04-25 00:52:11,2014,4,2014-4
5787,6160,0,350.0,2014-04-24 22:59:53,2014,4,2014-4
5574,6159,0,350.0,2014-04-24 22:43:06,2014,4,2014-4
0,6158,0,67.66,2014-04-23 20:40:51,2014,4,2014-4
3370,6157,0,350.0,2014-04-23 00:09:31,2014,4,2014-4
3282,6156,0,350.0,2014-04-22 23:45:36,2014,4,2014-4
4949,6155,0,19.5,2014-04-22 01:22:18,2014,4,2014-4
4673,6154,0,14.0,2014-04-22 01:06:01,2014,4,2014-4
6085,6153,0,10.82,2014-04-21 22:10:31,2014,4,2014-4
4980,6152,0,10.82,2014-04-19 17:11:20,2014,4,2014-4
4879,6151,0,10.0,2014-04-18 23:39:48,2014,4,2014-4
4553,6150,0,7.0,2014-04-17 19:53:13,2014,4,2014-4
0,6149,0,4.5,2014-04-17 18:42:12,2014,4,2014-4
6041,6148,0,350.0,2014-04-15 00:31:21,2014,4,2014-4
6082,6147,0,350.0,2014-04-14 23:22:18,2014,4,2014-4
6081,6146,0,6.5,2014-04-14 21:13:50,2014,4,2014-4
4171,6145,0,28.0,2014-04-14 16:33:08,2014,4,2014-4
0,6144,0,13.53,2014-04-14 16:21:42,2014,4,2014-4
6080,6143,0,350.0,2014-04-12 00:16:36,2014,4,2014-4
0,6142,0,49.5,2014-04-10 19:03:29,2014,4,2014-4
3815,6141,0,32.5,2014-04-10 02:46:45,2014,4,2014-4
0,6140,0,17.87,2014-04-10 02:13:19,2014,4,2014-4
3299,6139,0,75.0,2014-04-09 23:26:46,2014,4,2014-4
6078,6138,0,350.0,2014-04-09 23:00:31,2014,4,2014-4
0,6137,0,13.0,2014-04-09 21:01:33,2014,4,2014-4
5782,6136,0,35.0,2014-04-09 00:43:04,2014,4,2014-4
0,6135,0,52.0,2014-04-07 17:47:04,2014,4,2014-4
0,6134,0,18.0,2014-04-07 17:34:47,2014,4,2014-4
6076,6133,0,9.0,2014-04-06 21:42:15,2014,4,2014-4
3388,6132,0,26.0,2014-04-05 02:59:17,2014,4,2014-4
0,6130,0,70.0,2014-04-03 19:10:06,2014,4,2014-4
6056,6129,0,324.75,2014-04-03 02:03:15,2014,4,2014-4
6070,6128,0,378.88,2014-04-03 01:43:14,2014,4,2014-4
6030,6127,0,300.0,2014-03-29 00:56:20,2014,3,2014-3
0,6126,0,3.5,2014-03-27 16:39:45,2014,3,2014-3
0,6125,0,4.87,2014-03-27 00:18:05,2014,3,2014-3
3815,6124,0,22.5,2014-03-26 20:22:07,2014,3,2014-3
0,6123,0,23.0,2014-03-26 00:07:36,2014,3,2014-3
0,6122,0,25.0,2014-03-22 17:45:22,2014,3,2014-3
0,6121,0,23.0,2014-03-22 14:04:04,2014,3,2014-3
0,6120,0,40.0,2014-03-22 12:59:19,2014,3,2014-3
0,6119,0,21.0,2014-03-21 23:49:05,2014,3,2014-3
0,6118,0,300.0,2014-03-19 05:18:08,2014,3,2014-3
0,6117,0,300.0,2014-03-19 05:08:41,2014,3,2014-3
0,6116,0,300.0,2014-03-19 04:17:10,2014,3,2014-3
6060,6115,0,378.88,2014-03-19 00:35:35,2014,3,2014-3
0,6114,0,7.0,2014-03-18 02:14:10,2014,3,2014-3
0,6113,0,12.99,2014-03-17 19:29:51,2014,3,2014-3
0,6112,0,20.0,2014-03-17 12:35:01,2014,3,2014-3
0,6111,0,20.0,2014-03-16 14:58:43,2014,3,2014-3
0,6110,0,20.0,2014-03-14 23:05:24,2014,3,2014-3
0,6109,0,20.0,2014-03-14 22:49:28,2014,3,2014-3
0,6108,0,20.0,2014-03-14 20:01:08,2014,3,2014-3
0,6107,0,20.0,2014-03-12 23:50:52,2014,3,2014-3
0,6106,0,20.0,2014-03-12 23:18:27,2014,3,2014-3
0,6105,0,20.0,2014-03-11 21:14:54,2014,3,2014-3
0,6104,0,20.0,2014-03-11 01:54:28,2014,3,2014-3
0,6103,0,20.0,2014-03-08 00:51:53,2014,3,2014-3
0,6102,0,20.0,2014-03-07 23:56:21,2014,3,2014-3
0,6101,0,20.0,2014-03-07 20:34:56,2014,3,2014-3
0,6100,0,20.0,2014-03-07 00:24:57,2014,3,2014-3
0,6099,0,20.0,2014-03-05 23:20:17,2014,3,2014-3
3282,6098,0,20.0,2014-03-05 02:11:10,2014,3,2014-3
0,6097,0,20.0,2014-03-04 23:08:10,2014,3,2014-3
0,6096,0,20.0,2014-03-04 20:46:53,2014,3,2014-3
0,6095,0,20.0,2014-03-04 20:14:15,2014,3,2014-3
0,6094,0,20.0,2014-03-04 02:44:28,2014,3,2014-3
0,6093,0,20.0,2014-03-01 19:38:51,2014,3,2014-3
0,6092,0,20.0,2014-03-01 00:02:16,2014,3,2014-3
0,6091,0,20.0,2014-02-28 23:38:56,2014,2,2014-2
0,6090,0,20.0,2014-02-27 22:22:23,2014,2,2014-2
6052,6089,0,20.0,2014-02-27 20:22:38,2014,2,2014-2
6051,6088,0,20.0,2014-02-27 17:52:35,2014,2,2014-2
0,6087,0,20.0,2014-02-27 11:43:49,2014,2,2014-2
0,6086,0,20.0,2014-02-26 21:18:46,2014,2,2014-2
0,6085,0,20.0,2014-02-26 20:23:39,2014,2,2014-2
0,6084,0,20.0,2014-02-25 23:29:47,2014,2,2014-2
0,6083,0,20.0,2014-02-24 22:08:42,2014,2,2014-2
0,6082,0,20.0,2014-02-21 02:26:14,2014,2,2014-2
0,6081,0,20.0,2014-02-21 00:05:58,2014,2,2014-2
0,6080,0,20.0,2014-02-20 21:53:10,2014,2,2014-2
0,6079,0,20.0,2014-02-19 20:58:39,2014,2,2014-2
0,6078,0,20.0,2014-02-18 20:12:09,2014,2,2014-2
0,6077,0,20.0,2014-02-17 21:43:51,2014,2,2014-2
0,6076,0,20.0,2014-02-15 08:48:09,2014,2,2014-2
0,6075,0,20.0,2014-02-14 23:22:33,2014,2,2014-2
0,6074,0,20.0,2014-02-14 22:50:12,2014,2,2014-2
0,6073,0,20.0,2014-02-14 22:28:26,2014,2,2014-2
0,6072,0,20.0,2014-02-14 19:20:34,2014,2,2014-2
0,6071,0,20.0,2014-02-14 19:15:14,2014,2,2014-2
0,6070,0,20.0,2014-02-14 18:36:53,2014,2,2014-2
0,6069,0,20.0,2014-02-14 17:51:38,2014,2,2014-2
0,6068,0,20.0,2014-02-14 15:42:10,2014,2,2014-2
0,6067,0,20.0,2014-02-13 23:43:19,2014,2,2014-2
0,6066,0,20.0,2014-02-13 21:04:30,2014,2,2014-2
0,6065,0,20.0,2014-02-13 20:27:19,2014,2,2014-2
5196,6064,0,20.0,2014-02-13 00:35:55,2014,2,2014-2
5196,6064,0,20.0,2014-02-13 00:35:55,2014,2,2014-2
