User ID,Order Id,Product Id,Price,Time
6365,10147,7575,175,2019-03-22T00:20:26+00:00
1,10148,7575,175,2019-03-22T00:20:26+00:00
0,10146,5633,4.5,2019-03-20T12:42:18+00:00
6290,10144,7574,175,2019-03-19T19:47:17+00:00
1,10145,5593,3.5,2019-03-19T19:47:17+00:00
6290,10142,7574,175,2019-03-19T19:39:57+00:00
1,10143,7574,175,2019-03-19T19:39:57+00:00
6292,10140,7575,175,2019-03-06T23:20:42+00:00
1,10141,7575,175,2019-03-06T23:20:42+00:00
6292,10138,7575,175,2019-03-06T22:22:06+00:00
1,10139,7575,175,2019-03-06T22:22:06+00:00
6292,10136,7574,175,2019-03-06T00:46:49+00:00
1,10137,7574,175,2019-03-06T00:46:49+00:00
6292,10133,7574,175,2019-03-05T18:23:02+00:00
1,10134,7574,175,2019-03-05T18:23:02+00:00
1,7573,5756,175,2019-03-01T00:31:12+00:00
6290,7572,5756,175,2019-03-01T00:31:12+00:00
6290,7569,5756,525,2019-02-25T17:31:44+00:00
1,7570,5756,200,2019-02-25T17:31:44+00:00
1,7567,5756,175,2019-02-25T04:48:23+00:00
0,7568,5756,225,2019-02-25T04:48:23+00:00
1,7565,,225,2019-02-25T04:36:18+00:00
1,7564,5756,175,2019-02-25T04:36:18+00:00
1,7560,5756,175,2019-02-25T03:59:00+00:00
1,7561,5756,200,2019-02-25T03:59:00+00:00
1,7554,5756,175,2019-02-22T18:40:30+00:00
1,7553,5756,175,2019-02-22T18:40:30+00:00
4980,7548,0,4.87,2019-02-21T16:54:46+00:00
4171,7547,0,24.5,2019-02-18T13:54:40+00:00
0,7546,0,67.65,2019-02-14T06:15:27+00:00
0,7545,0,62.5,2019-02-12T22:55:33+00:00
0,7544,0,67.66,2019-02-11T19:04:49+00:00
0,7543,0,24.5,2019-02-06T21:34:58+00:00
0,7542,0,62.5,2019-02-06T15:11:00+00:00
4891,7541,0,175,2019-02-05T20:44:04+00:00
0,7540,0,22.5,2019-02-05T00:52:13+00:00
0,7539,0,42,2019-02-04T19:26:32+00:00
0,7538,0,42.22,2019-02-04T19:17:05+00:00
0,7537,0,70,2019-02-01T20:36:27+00:00
3518,7536,0,11.36,2019-01-31T18:35:11+00:00
3815,7535,0,65,2019-01-30T18:10:35+00:00
0,7534,0,46,2019-01-27T14:50:19+00:00
6337,7533,0,9,2019-01-14T16:33:25+00:00
4171,7532,0,24.5,2019-01-14T16:14:27+00:00
0,7531,0,10.5,2019-01-10T20:58:23+00:00
4949,7530,0,23,2019-01-10T12:55:05+00:00
0,7529,0,15.16,2019-01-09T17:45:58+00:00
4283,7528,0,22.5,2019-01-08T19:04:26+00:00
6034,7527,0,9.75,2019-01-07T23:52:10+00:00
0,7526,0,16.23,2019-01-06T23:44:58+00:00
6111,7525,0,12,2019-01-04T17:18:13+00:00
5645,7524,0,105,2019-01-02T20:25:49+00:00
0,7523,0,35.4,2019-01-02T03:18:58+00:00
4760,7522,0,35,2018-12-31T14:05:27+00:00
3483,7521,0,23,2018-12-31T13:42:59+00:00
0,7520,0,14.07,2018-12-27T17:52:51+00:00
4584,7519,0,35,2018-12-17T21:13:08+00:00
4553,7518,0,13.5,2018-12-15T18:31:02+00:00
3282,7517,0,10.5,2018-12-15T15:24:54+00:00
0,7516,0,9,2018-12-12T18:59:55+00:00
3555,7515,0,54.13,2018-12-10T17:09:42+00:00
5212,7514,0,3.5,2018-12-10T01:34:23+00:00
0,7513,0,12,2018-11-26T19:21:58+00:00
0,7512,0,21.65,2018-11-26T10:18:41+00:00
0,7511,0,62.5,2018-11-23T20:51:51+00:00
0,7510,0,70,2018-11-22T19:42:31+00:00
0,7509,0,35.18,2018-11-20T20:56:27+00:00
0,7508,0,62.5,2018-11-19T21:54:25+00:00
5164,7507,0,35,2018-11-15T18:16:26+00:00
6322,7506,0,28,2018-11-15T14:03:20+00:00
0,7505,0,14.07,2018-11-15T00:13:34+00:00
6076,7504,0,9,2018-11-12T22:18:17+00:00
4171,7503,0,3.5,2018-11-10T14:05:57+00:00
3388,7502,0,4.5,2018-11-09T05:42:48+00:00
3880,7501,0,39,2018-11-06T14:59:58+00:00
3306,7500,0,35.18,2018-11-04T16:36:14+00:00
3815,7499,0,65,2018-11-03T19:39:00+00:00
0,7498,0,13.5,2018-11-01T21:08:55+00:00
3255,7497,0,19.49,2018-10-30T22:34:28+00:00
0,7496,0,70,2018-10-26T17:24:19+00:00
6144,7495,0,49,2018-10-21T15:30:28+00:00
0,7494,0,21,2018-10-21T13:16:10+00:00
0,7493,0,27.06,2018-10-19T04:46:55+00:00
4171,7492,0,24.5,2018-10-18T12:56:38+00:00
0,7491,0,70.8,2018-10-15T21:54:23+00:00
4581,7490,0,13,2018-10-15T15:32:20+00:00
5232,7489,0,70.36,2018-10-14T15:17:25+00:00
0,7488,0,21,2018-10-13T03:15:49+00:00
0,7487,0,125,2018-10-11T14:28:25+00:00
0,7486,0,10.82,2018-10-10T19:45:40+00:00
3475,7485,0,10.5,2018-10-10T18:59:55+00:00
0,7484,0,62.5,2018-10-10T06:48:15+00:00
0,7483,0,67.66,2018-10-09T01:36:24+00:00
3796,7482,0,7,2018-10-07T18:12:54+00:00
0,7481,0,11.36,2018-10-05T23:31:50+00:00
6115,7480,0,19.49,2018-09-29T18:38:05+00:00
4283,7479,0,27,2018-09-27T20:08:29+00:00
4566,7478,0,10.5,2018-09-26T17:07:42+00:00
6351,7477,0,113.66,2018-09-14T04:05:17+00:00
0,7476,0,70,2018-09-13T20:38:00+00:00
0,7475,0,67.66,2018-09-13T18:15:02+00:00
0,7474,0,3.79,2018-09-13T16:39:55+00:00
0,7473,0,67.66,2018-09-11T02:43:52+00:00
0,7472,0,10.5,2018-09-08T13:15:22+00:00
4171,7471,0,21,2018-09-08T13:03:19+00:00
0,7470,0,32.5,2018-09-07T21:31:37+00:00
0,7469,0,6,2018-09-07T21:07:58+00:00
4933,7468,0,30.31,2018-09-07T18:44:34+00:00
5097,7467,0,45.5,2018-09-06T18:22:44+00:00
0,7466,0,18,2018-09-04T20:48:17+00:00
0,7465,0,18.94,2018-09-02T19:51:30+00:00
0,7464,0,7,2018-08-30T19:43:19+00:00
0,7463,0,62.5,2018-08-30T18:17:01+00:00
5765,7462,0,6.5,2018-08-27T21:55:04+00:00
0,7461,0,45.47,2018-08-27T18:26:55+00:00
4760,7460,0,21,2018-08-27T01:07:18+00:00
6177,7459,0,1000,2018-08-23T23:19:44+00:00
6177,7458,0,50,2018-08-23T23:18:05+00:00
4584,7457,0,35,2018-08-22T03:38:13+00:00
6177,7456,0,1050,2018-08-21T23:53:40+00:00
6177,7455,0,50.01,2018-08-21T23:50:00+00:00
0,7454,0,16.35,2018-08-21T02:56:18+00:00
0,7453,0,11.37,2018-08-19T17:18:02+00:00
0,7452,0,16.35,2018-08-16T18:49:17+00:00
0,7451,0,7.57,2018-08-13T14:07:44+00:00
6214,7450,0,12.99,2018-08-12T20:35:18+00:00
4695,7449,0,105,2018-08-11T13:45:17+00:00
0,7448,0,56.29,2018-08-08T20:44:18+00:00
3815,7447,0,65,2018-08-08T14:04:41+00:00
0,7446,0,27,2018-08-07T22:09:58+00:00
3483,7445,0,14,2018-08-03T15:32:07+00:00
0,7444,0,70,2018-08-02T21:33:25+00:00
0,7443,0,67.66,2018-07-30T05:15:45+00:00
0,7442,0,67.66,2018-07-26T20:57:43+00:00
0,7441,0,3.5,2018-07-25T00:25:03+00:00
0,7440,0,75.78,2018-07-22T15:03:44+00:00
0,7439,0,21,2018-07-21T16:25:40+00:00
0,7438,0,6,2018-07-20T22:03:45+00:00
3282,7437,0,10.5,2018-07-18T16:18:28+00:00
4891,7436,0,105,2018-07-18T14:33:06+00:00
4171,7435,0,31.5,2018-07-17T22:21:26+00:00
0,7434,0,67.66,2018-07-16T22:49:00+00:00
0,7433,0,26,2018-07-16T17:33:14+00:00
0,7432,0,11.36,2018-07-13T20:16:33+00:00
0,7431,0,12.99,2018-07-12T20:09:19+00:00
5573,7430,0,36,2018-07-11T20:38:09+00:00
0,7429,0,105,2018-07-06T00:44:24+00:00
4760,7428,0,35,2018-07-01T19:30:39+00:00
0,7427,0,147,2018-06-29T22:49:54+00:00
0,7426,0,67.66,2018-06-28T21:34:52+00:00
6144,7425,0,17.5,2018-06-26T21:33:31+00:00
0,7424,0,12,2018-06-25T11:03:57+00:00
0,7423,0,6,2018-06-21T17:37:19+00:00
0,7422,0,46,2018-06-18T16:20:48+00:00
0,7421,0,7.5,2018-06-15T07:30:09+00:00
4584,7420,0,9,2018-06-14T02:17:19+00:00
4171,7419,0,21,2018-06-12T16:28:33+00:00
4283,7418,0,6,2018-06-12T00:57:43+00:00
0,7417,0,24.5,2018-06-04T18:57:59+00:00
0,7416,0,13,2018-06-03T15:44:33+00:00
0,7415,0,9,2018-06-01T14:25:32+00:00
6317,7414,0,14,2018-05-23T11:44:43+00:00
6340,7413,0,3.5,2018-05-22T11:34:58+00:00
3475,7412,0,46,2018-05-21T22:59:18+00:00
5446,7411,0,16.23,2018-05-21T21:53:37+00:00
6076,7410,0,9,2018-05-21T00:36:52+00:00
0,7409,0,7.04,2018-05-18T19:34:02+00:00
3518,7408,0,16.24,2018-05-17T17:06:00+00:00
6034,7407,0,19.48,2018-05-15T20:57:04+00:00
3815,7406,0,65,2018-05-15T13:01:38+00:00
3388,7405,0,3.5,2018-05-14T05:15:55+00:00
5212,7404,0,3.5,2018-05-14T03:35:53+00:00
5164,7403,0,35,2018-05-09T15:21:45+00:00
3282,7402,0,14,2018-05-08T14:43:50+00:00
0,7401,0,13.53,2018-05-05T02:34:51+00:00
0,7400,0,75,2018-05-04T21:08:28+00:00
5633,7399,0,23,2018-05-01T23:40:37+00:00
0,7398,0,62.5,2018-05-01T19:13:28+00:00
5164,7397,0,3.5,2018-04-29T16:08:51+00:00
0,7396,0,27,2018-04-29T00:58:34+00:00
4171,7395,0,21,2018-04-28T12:59:20+00:00
0,7394,0,11.36,2018-04-27T19:11:27+00:00
5097,7393,0,26,2018-04-26T13:55:04+00:00
3471,7392,0,6,2018-04-25T18:40:11+00:00
0,7391,0,180,2018-04-24T13:06:55+00:00
3255,7390,0,21.65,2018-04-22T22:00:22+00:00
0,7389,0,67.66,2018-04-17T19:39:34+00:00
6337,7388,0,18,2018-04-13T16:21:50+00:00
4980,7387,0,10.83,2018-04-11T19:21:03+00:00
0,7386,0,9,2018-04-03T17:25:06+00:00
3483,7385,0,14,2018-03-31T21:39:21+00:00
0,7384,0,105,2018-03-27T17:29:38+00:00
0,7383,0,25,2018-03-25T00:32:49+00:00
3282,7382,0,10.5,2018-03-22T17:27:44+00:00
3941,7381,0,3.5,2018-03-21T08:09:19+00:00
0,7380,0,21,2018-03-20T23:41:51+00:00
4171,7379,0,21,2018-03-20T11:56:24+00:00
0,7378,0,24,2018-03-07T17:16:28+00:00
0,7377,0,27.06,2018-03-06T21:48:55+00:00
0,7376,0,21,2018-03-05T15:24:50+00:00
0,7375,0,3.79,2018-02-28T21:34:13+00:00
4891,7374,0,90,2018-02-27T20:17:14+00:00
5516,7373,0,175,2018-02-25T21:53:52+00:00
5645,7372,0,87.5,2018-02-20T19:34:35+00:00
6107,7371,0,9,2018-02-20T15:32:35+00:00
4584,7370,0,9,2018-02-13T02:48:25+00:00
6076,7369,0,10,2018-02-12T02:07:50+00:00
0,7368,0,12,2018-02-11T05:20:48+00:00
4816,7367,0,31.5,2018-02-07T19:47:28+00:00
4760,7366,0,10.5,2018-02-05T01:16:36+00:00
3880,7365,0,7,2018-02-03T14:35:25+00:00
4171,7364,0,21,2018-02-03T06:04:34+00:00
3815,7363,0,65,2018-02-01T17:36:30+00:00
4822,7362,0,10.5,2018-01-31T01:03:25+00:00
0,7361,0,36,2018-01-29T20:31:15+00:00
5164,7360,0,35,2018-01-27T16:55:15+00:00
0,7359,0,11.36,2018-01-25T19:42:18+00:00
0,7358,0,62.5,2018-01-19T01:02:07+00:00
5633,7357,0,13.5,2018-01-18T17:47:16+00:00
0,7356,0,21.65,2018-01-15T12:08:39+00:00
3282,7355,0,10.5,2018-01-10T18:06:46+00:00
0,7354,0,7.58,2018-01-08T18:45:31+00:00
5765,7353,0,6.5,2018-01-07T20:05:07+00:00
6034,7352,0,24.89,2018-01-03T21:49:20+00:00
0,7351,0,19.5,2018-01-02T11:59:37+00:00
4566,7350,0,3.5,2017-12-28T21:48:32+00:00
6214,7349,0,25.98,2017-12-19T21:12:34+00:00
0,7348,0,6.5,2017-12-19T12:17:59+00:00
5212,7347,0,3.5,2017-12-12T06:36:11+00:00
4171,7346,0,28,2017-12-11T19:04:14+00:00
3555,7345,0,54.13,2017-12-09T22:22:51+00:00
4980,7344,0,10.82,2017-12-08T03:54:57+00:00
3471,7343,0,4.5,2017-12-06T03:35:19+00:00
0,7342,0,6,2017-11-27T22:39:38+00:00
0,7341,0,144,2017-11-18T18:34:18+00:00
3388,7340,0,17.5,2017-11-16T05:34:56+00:00
0,7339,0,12,2017-11-15T23:28:50+00:00
0,7338,0,26,2017-11-13T19:24:53+00:00
3282,7337,0,14,2017-11-13T16:26:23+00:00
0,7336,0,11.36,2017-11-12T23:21:11+00:00
0,7335,0,40.59,2017-11-12T22:53:10+00:00
6322,7334,0,28,2017-11-11T15:57:36+00:00
4902,7333,0,4.87,2017-11-11T05:12:18+00:00
4891,7332,0,140,2017-11-03T19:27:39+00:00
5097,7331,0,26,2017-11-03T18:58:50+00:00
5573,7330,0,36,2017-11-03T16:15:47+00:00
0,7329,0,13.53,2017-11-02T18:17:05+00:00
3483,7328,0,23,2017-11-01T19:57:26+00:00
3255,7327,0,19.49,2017-10-27T16:08:06+00:00
0,7326,0,21.65,2017-10-23T09:08:34+00:00
4760,7325,0,6,2017-10-23T01:29:26+00:00
0,7324,0,46,2017-10-20T20:22:24+00:00
4171,7323,0,3.5,2017-10-20T02:00:18+00:00
0,7322,0,50,2017-10-16T17:39:15+00:00
4283,7321,0,36,2017-10-15T23:20:54+00:00
4980,7320,0,4.33,2017-10-10T01:52:16+00:00
0,7319,0,9,2017-10-09T14:42:31+00:00
0,7318,0,12,2017-10-06T19:24:54+00:00
0,7317,0,67.66,2017-10-05T18:22:40+00:00
0,7316,0,10,2017-09-30T15:41:03+00:00
4825,7315,0,4.5,2017-09-29T23:07:36+00:00
0,7314,0,105,2017-09-29T20:49:32+00:00
0,7313,0,72,2017-09-29T15:52:55+00:00
0,7312,0,18,2017-09-27T17:24:53+00:00
5212,7311,0,4.5,2017-09-25T05:11:16+00:00
3815,7310,0,65,2017-09-19T12:11:36+00:00
0,7309,0,10.5,2017-09-15T21:44:05+00:00
0,7308,0,27.06,2017-09-15T18:33:21+00:00
3282,7307,0,14,2017-09-12T13:24:54+00:00
6317,7306,0,3.5,2017-09-12T12:36:17+00:00
3941,7305,0,27.5,2017-09-12T04:04:25+00:00
0,7304,0,7,2017-09-09T15:19:24+00:00
0,7303,0,9,2017-09-07T02:48:51+00:00
0,7302,0,18,2017-09-06T03:46:41+00:00
0,7301,0,21,2017-09-05T01:38:56+00:00
0,7300,0,4.5,2017-08-31T20:39:10+00:00
0,7299,0,73.07,2017-08-31T20:19:24+00:00
0,7298,0,27.06,2017-08-29T04:21:28+00:00
4171,7297,0,7,2017-08-28T14:05:55+00:00
6279,7296,0,23,2017-08-27T15:23:27+00:00
6076,7295,0,6.5,2017-08-25T23:28:58+00:00
5112,7294,0,27,2017-08-24T19:55:08+00:00
0,7293,0,21.65,2017-08-21T23:53:40+00:00
4584,7292,0,35,2017-08-21T09:16:01+00:00
4283,7291,0,13,2017-08-20T23:38:52+00:00
0,7290,0,21,2017-08-16T01:45:32+00:00
0,7289,0,27,2017-08-14T21:00:33+00:00
0,7288,0,42.22,2017-08-11T20:07:07+00:00
6107,7287,0,9,2017-08-09T12:43:21+00:00
0,7286,0,19.49,2017-08-09T00:22:13+00:00
5164,7285,0,35,2017-07-31T18:39:02+00:00
0,7284,0,24.5,2017-07-24T16:08:17+00:00
0,7283,0,11.37,2017-07-19T19:56:23+00:00
3388,7282,0,19.5,2017-07-17T06:18:12+00:00
6314,7281,0,3.5,2017-07-17T04:21:20+00:00
6313,7280,0,18,2017-07-14T20:32:50+00:00
3475,7279,0,50,2017-07-10T02:48:14+00:00
0,7278,0,9.75,2017-07-08T21:38:37+00:00
4760,7277,0,35,2017-07-06T01:59:11+00:00
4171,7276,0,7,2017-07-05T13:34:32+00:00
4980,7275,0,4.87,2017-07-05T02:44:54+00:00
4891,7274,0,70,2017-07-04T20:26:26+00:00
0,7273,0,26,2017-06-29T18:56:52+00:00
0,7272,0,67.66,2017-06-29T16:54:33+00:00
6214,7271,0,12.99,2017-06-22T03:31:39+00:00
5633,7270,0,3.75,2017-06-21T01:37:18+00:00
0,7269,0,24.35,2017-06-16T11:09:07+00:00
6309,7268,0,202.97,2017-06-16T06:44:13+00:00
3282,7267,0,14,2017-06-13T18:33:50+00:00
3255,7266,0,21.65,2017-06-13T15:48:46+00:00
3815,7265,0,65,2017-06-13T15:01:56+00:00
4695,7264,0,6,2017-06-11T23:48:54+00:00
5232,7263,0,70.36,2017-06-10T16:16:42+00:00
0,7262,0,3.79,2017-06-06T17:43:57+00:00
5995,7261,0,7.58,2017-06-05T17:34:13+00:00
6115,7260,0,13.53,2017-06-02T17:44:08+00:00
3483,7259,0,23,2017-05-31T11:00:58+00:00
6182,7258,0,14,2017-05-27T00:19:47+00:00
0,7257,0,42,2017-05-22T16:27:21+00:00
5644,7256,0,67.66,2017-05-21T17:24:21+00:00
0,7255,0,18,2017-05-21T00:19:16+00:00
6076,7254,0,4.5,2017-05-20T21:57:51+00:00
0,7253,0,28,2017-05-17T19:40:38+00:00
0,7252,0,14,2017-05-17T18:45:19+00:00
4171,7251,0,7,2017-05-17T12:36:54+00:00
0,7250,0,3.5,2017-05-16T18:34:12+00:00
3941,7249,0,55,2017-05-16T06:59:51+00:00
0,7248,0,9,2017-05-15T21:47:23+00:00
0,7247,0,19.49,2017-05-15T20:50:52+00:00
6144,7246,0,21,2017-05-14T05:19:35+00:00
0,7245,0,11.36,2017-05-12T15:49:39+00:00
5765,7244,0,6.5,2017-05-07T20:48:39+00:00
5521,7243,0,350,2017-05-04T18:11:03+00:00
6302,7242,0,12,2017-05-02T02:55:15+00:00
0,7241,0,17.7,2017-05-01T16:23:31+00:00
0,7240,0,35.4,2017-04-26T13:27:55+00:00
5645,7239,0,70,2017-04-23T21:19:00+00:00
0,7238,0,35,2017-04-20T20:44:58+00:00
3388,7237,0,19.5,2017-04-18T20:46:58+00:00
3282,7236,0,14,2017-04-17T17:47:34+00:00
4283,7235,0,6,2017-04-12T20:49:04+00:00
3475,7234,0,50,2017-04-04T01:48:19+00:00
6300,7233,0,250,2017-03-31T21:06:02+00:00
0,7232,0,35,2017-03-31T17:32:31+00:00
4980,7231,0,4.87,2017-03-31T04:53:34+00:00
0,7230,0,9.74,2017-03-28T20:38:46+00:00
4825,7229,0,27,2017-03-25T17:14:20+00:00
4171,7228,0,28,2017-03-18T17:19:44+00:00
0,7227,0,42.22,2017-03-17T19:48:12+00:00
6298,7226,0,28,2017-03-16T22:38:44+00:00
5446,7225,0,10.82,2017-03-16T03:10:41+00:00
0,7224,0,16.35,2017-03-15T14:47:52+00:00
0,7223,0,19.5,2017-03-15T08:12:25+00:00
0,7222,0,4.5,2017-03-09T21:23:20+00:00
0,7221,0,46,2017-03-09T14:22:37+00:00
0,7220,0,12,2017-03-07T18:26:13+00:00
0,7219,0,25,2017-03-07T13:33:05+00:00
0,7218,0,21.65,2017-03-07T08:08:20+00:00
0,7217,0,10,2017-03-06T18:23:00+00:00
0,7216,0,4.5,2017-03-05T18:39:43+00:00
5516,7215,0,175,2017-03-04T19:44:54+00:00
4899,7214,0,75,2017-03-02T19:42:39+00:00
0,7213,0,105,2017-03-01T17:45:24+00:00
0,7212,0,10.5,2017-02-27T05:05:06+00:00
6185,7211,0,7.5,2017-02-24T12:22:26+00:00
5097,7210,0,39,2017-02-23T22:05:22+00:00
4760,7209,0,9,2017-02-23T03:21:49+00:00
4976,7208,0,10.83,2017-02-19T18:31:04+00:00
3282,7207,0,17.5,2017-02-17T20:43:18+00:00
6115,7206,0,24.36,2017-02-16T03:57:29+00:00
0,7205,0,21,2017-02-08T18:59:07+00:00
3471,7204,0,6,2017-02-07T04:24:58+00:00
0,7203,0,12.5,2017-02-05T20:17:18+00:00
3518,7202,0,7.58,2017-02-03T17:57:45+00:00
3483,7201,0,23,2017-02-02T20:56:53+00:00
0,7200,0,25,2017-01-31T23:57:49+00:00
5164,7199,0,35,2017-01-31T15:22:32+00:00
4584,7198,0,28,2017-01-30T21:12:29+00:00
6076,7197,0,20,2017-01-30T12:08:16+00:00
0,7196,0,6.5,2017-01-26T20:18:45+00:00
0,7195,0,23,2017-01-26T16:34:04+00:00
0,7194,0,11.37,2017-01-25T00:21:01+00:00
4283,7193,0,45,2017-01-24T20:32:19+00:00
3815,7192,0,32.5,2017-01-19T05:42:56+00:00
0,7191,0,42,2017-01-17T19:52:08+00:00
0,7190,0,74.69,2017-01-16T18:45:01+00:00
0,7189,0,6.5,2017-01-11T21:29:41+00:00
4933,7188,0,30.31,2017-01-09T20:18:45+00:00
0,7187,0,12.5,2017-01-09T19:49:02+00:00
5633,7186,0,13,2017-01-08T21:26:47+00:00
0,7185,0,21,2017-01-07T04:18:06+00:00
0,7184,0,46,2017-01-06T17:56:55+00:00
0,7183,0,35,2017-01-05T21:14:13+00:00
0,7182,0,7.5,2017-01-05T06:38:22+00:00
0,7181,0,19.5,2017-01-03T04:35:54+00:00
4954,7180,0,11.36,2017-01-02T22:50:02+00:00
0,7179,0,67.66,2016-12-29T19:03:27+00:00
4171,7178,0,21,2016-12-29T12:37:13+00:00
3255,7177,0,14.61,2016-12-27T22:01:31+00:00
0,7176,0,8.66,2016-12-27T10:32:15+00:00
0,7175,0,17.5,2016-12-23T21:38:13+00:00
0,7174,0,27.06,2016-12-23T00:05:35+00:00
0,7173,0,13,2016-12-21T20:25:28+00:00
5053,7172,0,25,2016-12-20T22:28:14+00:00
3699,7171,0,13,2016-12-20T18:40:40+00:00
5357,7170,0,18,2016-12-20T01:05:11+00:00
3941,7169,0,55,2016-12-16T17:50:23+00:00
3880,7168,0,60,2016-12-14T01:03:02+00:00
4760,7167,0,35,2016-12-12T04:24:08+00:00
0,7166,0,24.5,2016-12-10T20:56:49+00:00
3282,7165,0,14,2016-12-10T15:45:53+00:00
6076,7164,0,6.5,2016-12-06T12:23:27+00:00
3388,7163,0,13,2016-12-04T01:56:57+00:00
6279,7162,0,10.5,2016-12-02T17:55:23+00:00
0,7161,0,52.5,2016-11-29T16:15:34+00:00
0,7160,0,36,2016-11-25T21:21:51+00:00
6214,7159,0,17.7,2016-11-24T16:23:46+00:00
4171,7158,0,21,2016-11-23T18:21:00+00:00
6288,7157,0,9.74,2016-11-22T03:06:17+00:00
0,7156,0,26,2016-11-21T20:35:38+00:00
0,7155,0,19.49,2016-11-18T23:52:14+00:00
3815,7154,0,32.5,2016-11-17T15:23:32+00:00
0,7153,0,67.66,2016-11-16T19:57:47+00:00
6287,7152,0,42,2016-11-16T09:50:05+00:00
4891,7151,0,90,2016-11-14T18:09:25+00:00
4488,7150,0,0,2016-11-08T01:32:39+00:00
5645,7149,0,70,2016-11-06T18:16:29+00:00
0,7148,0,24.5,2016-11-05T21:52:17+00:00
0,7147,0,14.07,2016-11-04T04:36:58+00:00
0,7146,0,26,2016-10-27T17:06:27+00:00
0,7145,0,50,2016-10-23T22:39:04+00:00
6284,7144,0,19.49,2016-10-22T15:51:16+00:00
0,7143,0,42.22,2016-10-17T19:24:21+00:00
4171,7142,0,21,2016-10-15T11:45:49+00:00
3555,7141,0,54.13,2016-10-12T16:08:59+00:00
0,7140,0,25,2016-10-11T15:52:16+00:00
0,7139,0,25.98,2016-10-11T05:56:29+00:00
4980,7138,0,9.74,2016-10-10T05:00:48+00:00
5573,7137,0,18,2016-10-08T02:19:33+00:00
6144,7136,0,17.5,2016-10-05T05:41:26+00:00
0,7135,0,67.66,2016-10-03T18:37:10+00:00
0,7134,0,27,2016-09-27T20:42:56+00:00
3815,7133,0,32.5,2016-09-26T17:54:06+00:00
0,7132,0,15.15,2016-09-24T18:57:31+00:00
4564,7131,0,700,2016-09-22T23:43:07+00:00
3820,7130,0,350,2016-09-22T23:34:51+00:00
0,7129,0,7,2016-09-20T02:33:09+00:00
5131,7128,0,12,2016-09-19T22:30:08+00:00
0,7127,0,7.5,2016-09-19T03:19:44+00:00
3282,7126,0,17.5,2016-09-16T19:24:53+00:00
5097,7125,0,26,2016-09-14T22:57:21+00:00
4283,7124,0,10,2016-09-13T23:05:20+00:00
6182,7123,0,7,2016-09-11T21:44:49+00:00
4760,7122,0,7,2016-09-09T04:22:31+00:00
4171,7121,0,21,2016-09-07T12:07:05+00:00
0,7120,0,4.87,2016-09-06T23:30:54+00:00
0,7119,0,70,2016-09-01T19:37:47+00:00
6056,7118,0,378.88,2016-09-01T00:10:16+00:00
6056,7117,0,378.88,2016-09-01T00:05:08+00:00
3523,7116,0,350,2016-09-01T00:01:36+00:00
4566,7115,0,7,2016-08-31T00:01:14+00:00
0,7114,0,42,2016-08-30T19:45:48+00:00
4825,7113,0,27,2016-08-29T16:41:48+00:00
4439,7112,0,3.79,2016-08-28T04:47:30+00:00
0,7111,0,19.49,2016-08-26T17:42:23+00:00
0,7110,0,11.37,2016-08-23T16:43:52+00:00
0,7109,0,22.5,2016-08-22T21:19:22+00:00
6115,7108,0,18.94,2016-08-20T05:00:22+00:00
0,7107,0,13,2016-08-13T18:59:40+00:00
4821,7106,0,300,2016-08-10T22:12:03+00:00
0,7105,0,25.98,2016-08-06T23:04:18+00:00
3815,7104,0,32.5,2016-08-05T20:57:36+00:00
5164,7103,0,35,2016-08-05T20:51:23+00:00
5265,7102,0,0,2016-08-04T22:19:04+00:00
5574,7101,0,700,2016-08-03T23:36:28+00:00
5342,7100,0,350,2016-08-03T23:19:16+00:00
0,7099,0,36,2016-07-26T13:54:58+00:00
6279,7098,0,10.5,2016-07-23T01:25:51+00:00
0,7097,0,39,2016-07-21T20:20:35+00:00
0,7096,0,70,2016-07-21T18:11:18+00:00
6107,7095,0,9,2016-07-19T13:52:10+00:00
0,7094,0,19.5,2016-07-15T19:21:48+00:00
0,7093,0,46,2016-07-15T18:42:18+00:00
0,7092,0,14,2016-07-15T14:16:39+00:00
0,7091,0,50,2016-07-15T03:28:01+00:00
6076,7090,0,10,2016-07-15T01:38:00+00:00
0,7089,0,18,2016-07-13T23:41:23+00:00
0,7088,0,30,2016-07-12T19:16:55+00:00
5084,7087,0,28.15,2016-07-12T19:13:30+00:00
4760,7086,0,400,2016-07-12T00:01:08+00:00
6053,7085,0,375,2016-07-09T00:37:43+00:00
0,7084,0,67.66,2016-07-07T19:27:41+00:00
6277,7083,0,67.66,2016-07-07T04:27:02+00:00
0,7082,0,29.23,2016-07-05T21:33:14+00:00
3282,7081,0,17.5,2016-07-05T19:10:06+00:00
6276,7080,0,6,2016-07-04T20:36:34+00:00
6275,7079,0,18,2016-07-01T02:17:08+00:00
3483,7078,0,23,2016-06-30T15:52:47+00:00
6144,7077,0,10.5,2016-06-30T00:16:04+00:00
0,7076,0,46,2016-06-29T17:23:56+00:00
3255,7075,0,9.74,2016-06-29T03:36:28+00:00
4171,7074,0,21,2016-06-28T03:44:00+00:00
0,7073,0,13.5,2016-06-27T23:46:11+00:00
3388,7072,0,7,2016-06-26T18:04:20+00:00
0,7071,0,12.5,2016-06-25T20:39:24+00:00
3941,7070,0,55,2016-06-25T07:39:55+00:00
0,7069,0,10.5,2016-06-23T17:34:37+00:00
0,7068,0,11.37,2016-06-22T20:17:08+00:00
4283,7067,0,45,2016-06-22T19:27:28+00:00
5516,7066,0,175,2016-06-21T23:13:12+00:00
5517,7065,0,350,2016-06-20T22:41:52+00:00
5134,7064,0,350,2016-06-20T22:35:13+00:00
6187,7063,0,350,2016-06-20T22:31:29+00:00
4014,7062,0,700,2016-06-20T22:24:05+00:00
0,7061,0,14,2016-06-20T21:20:12+00:00
6076,7060,0,9,2016-06-16T23:58:00+00:00
4760,7059,0,35,2016-06-11T02:10:46+00:00
6047,7058,0,350,2016-06-09T00:35:56+00:00
4821,7057,0,300,2016-06-09T00:31:31+00:00
4101,7056,0,350,2016-06-09T00:27:36+00:00
5633,7055,0,350,2016-06-09T00:23:46+00:00
4899,7054,0,50,2016-06-08T03:52:01+00:00
5357,7053,0,35,2016-06-08T02:23:45+00:00
4337,7052,0,25,2016-06-07T23:39:39+00:00
3820,7051,0,350,2016-06-07T22:53:32+00:00
6185,7050,0,7.5,2016-06-07T02:07:07+00:00
5633,7049,0,4.5,2016-06-05T21:43:10+00:00
5740,7048,0,22.5,2016-06-02T21:31:45+00:00
5740,7047,0,22.5,2016-05-31T22:51:03+00:00
0,7046,0,21,2016-05-30T20:32:12+00:00
4933,7045,0,19.48,2016-05-27T20:03:01+00:00
5516,7044,0,175,2016-05-26T23:20:45+00:00
4337,7043,0,475,2016-05-26T22:46:49+00:00
4980,7042,0,10.82,2016-05-26T03:12:00+00:00
5077,7041,0,350,2016-05-24T00:28:37+00:00
5608,7040,0,350,2016-05-24T00:23:35+00:00
5265,7039,0,350,2016-05-24T00:21:19+00:00
4584,7038,0,350,2016-05-24T00:18:22+00:00
0,7037,0,10,2016-05-23T22:15:37+00:00
0,7036,0,3.75,2016-05-23T22:04:31+00:00
6271,7035,0,350,2016-05-20T23:54:56+00:00
0,7034,0,18,2016-05-20T12:38:47+00:00
6087,7033,0,150,2016-05-20T00:20:26+00:00
4970,7032,0,700,2016-05-19T23:14:14+00:00
4891,7031,0,105,2016-05-19T21:36:49+00:00
0,7030,0,40,2016-05-19T04:30:50+00:00
4334,7029,0,10,2016-05-18T23:45:19+00:00
6214,7028,0,17.7,2016-05-18T20:08:06+00:00
5709,7027,0,14,2016-05-18T00:00:20+00:00
0,7026,0,21.95,2016-05-17T01:38:39+00:00
0,7025,0,40,2016-05-16T20:44:30+00:00
4171,7024,0,21,2016-05-13T23:19:07+00:00
0,7023,0,9,2016-05-12T14:42:08+00:00
0,7022,0,23.82,2016-05-11T05:20:38+00:00
5542,7021,0,350,2016-05-10T22:59:55+00:00
5349,7020,0,350,2016-05-10T22:52:26+00:00
6267,7019,0,300,2016-05-10T22:42:06+00:00
0,7018,0,7,2016-05-09T22:33:41+00:00
5015,7017,0,21,2016-05-07T01:04:25+00:00
5573,7016,0,18,2016-05-05T18:33:28+00:00
6269,7015,0,18,2016-05-04T23:28:39+00:00
4877,7014,0,400,2016-04-29T22:39:03+00:00
3880,7013,0,210,2016-04-29T00:21:37+00:00
6063,7012,0,60,2016-04-27T23:54:00+00:00
6121,7011,0,200,2016-04-22T22:56:12+00:00
5222,7010,0,700,2016-04-22T22:43:54+00:00
0,7009,0,7,2016-04-20T01:34:01+00:00
6264,7008,0,350,2016-04-18T22:46:42+00:00
5784,7007,0,700,2016-04-18T22:42:17+00:00
5115,7006,0,350,2016-04-18T22:32:54+00:00
0,7005,0,28,2016-04-18T13:01:17+00:00
0,7004,0,7.5,2016-04-17T02:03:55+00:00
5053,7003,0,25,2016-04-16T20:13:20+00:00
4337,7002,0,70,2016-04-16T00:33:11+00:00
0,7001,0,21,2016-04-15T16:14:15+00:00
0,7000,0,6.5,2016-04-14T19:44:54+00:00
0,6999,0,4.87,2016-04-11T20:12:23+00:00
6111,6998,0,80,2016-04-10T14:33:30+00:00
0,6997,0,14.61,2016-04-08T21:44:35+00:00
4171,6996,0,21,2016-04-08T13:00:12+00:00
5446,6995,0,29.77,2016-04-08T03:33:53+00:00
0,6994,0,19.49,2016-04-07T04:56:18+00:00
0,6993,0,32.5,2016-04-06T17:27:44+00:00
0,6992,0,25,2016-04-05T13:08:26+00:00
5765,6991,0,6.5,2016-04-02T15:28:53+00:00
4283,6990,0,7.5,2016-03-31T14:13:22+00:00
3236,6989,0,350,2016-03-31T00:33:51+00:00
0,6988,0,22.5,2016-03-29T22:05:40+00:00
5112,6987,0,21,2016-03-29T14:45:15+00:00
0,6986,0,10,2016-03-29T14:40:58+00:00
4902,6985,0,19.48,2016-03-28T20:41:59+00:00
3282,6984,0,17.5,2016-03-25T18:20:04+00:00
3282,6983,0,350,2016-03-25T15:43:37+00:00
5521,6982,0,350,2016-03-25T01:16:22+00:00
4431,6981,0,350,2016-03-25T01:12:12+00:00
5521,6980,0,350,2016-03-22T18:40:24+00:00
4899,6979,0,100,2016-03-21T17:51:05+00:00
0,6978,0,14,2016-03-21T17:09:56+00:00
0,6977,0,7.58,2016-03-21T16:30:04+00:00
4825,6976,0,22.5,2016-03-21T04:38:01+00:00
3656,6975,0,10.83,2016-03-20T15:47:17+00:00
0,6974,0,70,2016-03-17T21:15:58+00:00
0,6973,0,15,2016-03-14T23:21:27+00:00
0,6972,0,67.66,2016-03-14T17:44:35+00:00
0,6971,0,17.32,2016-03-09T21:40:34+00:00
0,6970,0,50,2016-03-04T11:56:27+00:00
3388,6969,0,27.5,2016-03-03T06:38:32+00:00
4171,6968,0,21,2016-03-02T14:33:15+00:00
0,6967,0,28,2016-02-26T15:19:54+00:00
3291,6966,0,250,2016-02-26T01:02:30+00:00
5077,6965,0,0,2016-02-26T00:35:42+00:00
3306,6964,0,28.15,2016-02-23T01:17:12+00:00
5574,6963,0,350,2016-02-15T22:56:20+00:00
4454,6962,0,39,2016-02-13T16:56:04+00:00
3299,6961,0,0,2016-02-12T02:24:40+00:00
4821,6960,0,300,2016-02-12T02:21:25+00:00
6213,6959,0,350,2016-02-12T02:14:02+00:00
5357,6958,0,10,2016-02-09T01:36:26+00:00
0,6957,0,25,2016-02-08T21:54:25+00:00
0,6956,0,25,2016-02-05T18:03:25+00:00
4584,6955,0,7,2016-02-03T21:52:39+00:00
6076,6954,0,4.5,2016-02-03T12:41:30+00:00
4980,6953,0,4.87,2016-02-03T06:39:01+00:00
4695,6952,0,100,2016-02-02T23:12:58+00:00
0,6951,0,19.49,2016-02-02T18:57:16+00:00
0,6950,0,42.22,2016-02-01T18:59:26+00:00
0,6949,0,18,2016-02-01T18:07:15+00:00
4816,6948,0,31.5,2016-01-29T19:02:36+00:00
5232,6947,0,38.97,2016-01-29T18:21:22+00:00
3483,6946,0,23,2016-01-29T16:55:56+00:00
4917,6945,0,350,2016-01-29T01:08:01+00:00
4610,6944,0,378.88,2016-01-29T00:41:38+00:00
6228,6943,0,250,2016-01-29T00:23:07+00:00
5265,6942,0,0,2016-01-29T00:06:46+00:00
0,6941,0,67.66,2016-01-27T20:10:24+00:00
4171,6940,0,21,2016-01-27T17:13:46+00:00
4610,6939,0,378.88,2016-01-27T00:24:20+00:00
5164,6938,0,35,2016-01-26T14:06:14+00:00
3282,6937,0,10.5,2016-01-25T16:27:02+00:00
3815,6936,0,32.5,2016-01-24T21:35:18+00:00
5995,6935,0,9.75,2016-01-24T18:26:24+00:00
0,6934,0,4.87,2016-01-23T03:50:35+00:00
4014,6933,0,700,2016-01-22T23:44:50+00:00
0,6932,0,23,2016-01-22T23:15:11+00:00
4553,6931,0,4.5,2016-01-21T18:27:19+00:00
4760,6930,0,10.5,2016-01-21T04:02:50+00:00
0,6929,0,17.32,2016-01-20T09:14:22+00:00
0,6928,0,10.5,2016-01-19T04:42:36+00:00
3236,6927,0,3.5,2016-01-18T19:34:30+00:00
0,6926,0,15.15,2016-01-16T02:07:27+00:00
6210,6925,0,350,2016-01-16T00:03:56+00:00
3815,6924,0,350,2016-01-15T23:11:27+00:00
5563,6923,0,270.63,2016-01-15T00:24:00+00:00
6246,6922,0,350,2016-01-15T00:14:43+00:00
4643,6921,0,350,2016-01-15T00:03:51+00:00
3466,6920,0,350,2016-01-14T23:58:24+00:00
5115,6919,0,350,2016-01-14T23:46:44+00:00
4337,6918,0,375,2016-01-14T00:05:21+00:00
0,6917,0,4.5,2016-01-12T22:24:52+00:00
0,6916,0,17.86,2016-01-12T01:34:56+00:00
4760,6915,0,9,2016-01-10T19:18:38+00:00
0,6914,0,40.6,2016-01-09T19:40:43+00:00
6151,6913,0,350,2016-01-09T01:03:11+00:00
4184,6912,0,350,2016-01-09T00:53:50+00:00
5097,6911,0,39,2016-01-07T16:00:42+00:00
4182,6910,0,0,2016-01-07T01:35:40+00:00
5553,6909,0,350,2016-01-06T23:55:13+00:00
3299,6908,0,0,2016-01-05T23:38:55+00:00
5342,6907,0,350,2016-01-05T23:24:47+00:00
0,6906,0,26,2016-01-02T19:54:04+00:00
3255,6905,0,27.07,2016-01-02T00:10:08+00:00
4010,6904,0,350,2015-12-30T23:51:36+00:00
6091,6903,0,450,2015-12-29T23:31:08+00:00
4283,6902,0,36,2015-12-27T02:32:14+00:00
0,6901,0,4.5,2015-12-26T19:29:38+00:00
0,6900,0,19.49,2015-12-24T07:42:23+00:00
6115,6899,0,14.61,2015-12-22T02:59:58+00:00
5633,6898,0,4.5,2015-12-21T17:21:13+00:00
3941,6897,0,3.75,2015-12-21T15:44:57+00:00
6254,6896,0,13,2015-12-18T15:28:21+00:00
3471,6895,0,350,2015-12-12T00:55:35+00:00
4692,6894,0,350,2015-12-12T00:52:31+00:00
5357,6893,0,250,2015-12-12T00:42:17+00:00
4970,6892,0,350,2015-12-12T00:39:02+00:00
6129,6891,0,350,2015-12-12T00:34:00+00:00
0,6890,0,26,2015-12-11T19:47:21+00:00
0,6889,0,7.03,2015-12-09T18:11:08+00:00
0,6888,0,6,2015-12-09T03:16:45+00:00
0,6887,0,22.5,2015-12-08T21:22:52+00:00
0,6886,0,12.5,2015-12-08T17:14:25+00:00
6249,6885,0,25,2015-12-03T21:04:58+00:00
0,6884,0,52,2015-12-03T18:01:45+00:00
5669,6883,0,8,2015-12-03T03:26:16+00:00
3518,6882,,8,2015-12-03T00:23:30+00:00
0,6881,0,13.53,2015-12-01T21:17:36+00:00
0,6880,0,28,2015-12-01T18:16:20+00:00
6052,6879,0,700,2015-12-01T02:15:59+00:00
3483,6878,0,250,2015-12-01T00:18:31+00:00
0,6877,0,14,2015-11-30T22:10:24+00:00
4101,6876,0,28,2015-11-26T00:55:20+00:00
0,6875,0,105,2015-11-25T23:06:00+00:00
3631,6874,0,3.5,2015-11-25T01:22:32+00:00
3714,6873,0,62.5,2015-11-25T01:07:40+00:00
3598,6872,0,0,2015-11-21T01:01:19+00:00
0,6871,0,32.5,2015-11-18T19:08:03+00:00
0,6870,0,10,2015-11-17T21:47:27+00:00
6214,6869,0,12.99,2015-11-16T18:05:32+00:00
0,6868,0,46,2015-11-16T17:32:22+00:00
3483,6867,0,14,2015-11-14T19:06:43+00:00
4584,6866,0,260,2015-11-14T01:02:25+00:00
0,6865,0,3.5,2015-11-13T21:43:21+00:00
0,6864,0,3.79,2015-11-12T18:16:08+00:00
0,6863,0,36,2015-11-10T20:19:32+00:00
4171,6862,0,35,2015-11-10T16:36:19+00:00
0,6861,0,18.94,2015-11-09T22:42:39+00:00
0,6860,0,8.5,2015-11-09T19:58:30+00:00
0,6859,0,10.5,2015-11-06T20:42:51+00:00
0,6858,0,52.5,2015-11-05T14:49:16+00:00
4891,6857,0,45,2015-11-04T19:43:44+00:00
0,6856,0,62.5,2015-11-04T17:49:21+00:00
3282,6855,0,3.5,2015-11-04T16:38:35+00:00
0,6854,0,26,2015-11-02T16:58:23+00:00
6063,6853,0,350,2015-11-01T16:22:59+00:00
4564,6852,0,700,2015-10-30T23:10:48+00:00
5077,6851,0,0,2015-10-30T23:06:30+00:00
4692,6850,0,350,2015-10-30T22:59:48+00:00
5848,6849,0,700,2015-10-30T22:28:32+00:00
0,6848,0,19.49,2015-10-30T18:43:07+00:00
0,6847,0,48.71,2015-10-28T21:45:43+00:00
0,6846,0,37.89,2015-10-28T20:33:14+00:00
4933,6845,0,19.48,2015-10-27T17:01:59+00:00
3475,6844,0,50,2015-10-26T16:59:10+00:00
6076,6843,0,9,2015-10-26T01:08:01+00:00
4825,6842,0,9,2015-10-23T04:47:32+00:00
0,6841,0,46,2015-10-21T18:28:11+00:00
0,6840,0,7.57,2015-10-21T18:04:44+00:00
0,6839,0,14,2015-10-20T16:26:00+00:00
0,6838,0,17.32,2015-10-20T06:21:59+00:00
4660,6837,0,350,2015-10-17T00:10:23+00:00
4101,6836,0,350,2015-10-17T00:08:17+00:00
6187,6835,0,350,2015-10-16T23:56:35+00:00
3820,6834,0,350,2015-10-16T23:49:55+00:00
3518,6833,0,8.12,2015-10-15T18:33:18+00:00
0,6832,0,70,2015-10-15T18:09:17+00:00
3388,6831,0,21,2015-10-13T16:41:19+00:00
0,6830,0,25,2015-10-09T17:53:04+00:00
4976,6829,0,151.55,2015-10-09T14:01:11+00:00
5506,6828,0,0,2015-10-08T00:18:26+00:00
4927,6827,0,378.88,2015-10-08T00:15:13+00:00
0,6826,0,13.5,2015-10-05T19:09:19+00:00
0,6825,0,14,2015-10-05T17:27:47+00:00
4980,6824,0,21.65,2015-10-04T20:56:35+00:00
0,6823,0,19.49,2015-10-01T18:13:06+00:00
6245,6822,0,3.79,2015-10-01T05:58:38+00:00
5787,6821,0,350,2015-10-01T00:16:21+00:00
6052,6820,0,350,2015-10-01T00:14:40+00:00
6213,6819,0,350,2015-10-01T00:10:24+00:00
4693,6818,0,350,2015-10-01T00:07:28+00:00
5306,6817,0,350,2015-10-01T00:04:56+00:00
0,6816,0,20,2015-09-29T22:38:07+00:00
0,6815,0,22.73,2015-09-29T16:51:27+00:00
3255,6814,0,4.87,2015-09-28T18:49:30+00:00
0,6813,0,9,2015-09-26T14:58:15+00:00
5669,6812,0,6,2015-09-25T16:02:16+00:00
6005,6811,0,4.5,2015-09-25T13:07:35+00:00
3306,6810,0,19.48,2015-09-23T06:48:53+00:00
0,6809,0,42,2015-09-21T18:20:32+00:00
0,6808,0,21,2015-09-20T18:43:08+00:00
0,6807,0,25,2015-09-20T17:33:43+00:00
4760,6806,0,21,2015-09-19T20:06:36+00:00
0,6805,0,27,2015-09-16T16:46:03+00:00
4283,6804,0,36,2015-09-15T23:57:42+00:00
0,6803,0,13,2015-09-15T21:06:25+00:00
0,6802,0,67.66,2015-09-15T20:25:51+00:00
0,6801,0,13,2015-09-14T17:18:36+00:00
5608,6800,0,350,2015-09-11T23:46:16+00:00
6151,6799,0,350,2015-09-11T23:44:16+00:00
0,6798,0,49,2015-09-11T15:49:59+00:00
0,6797,0,12,2015-09-10T11:07:18+00:00
5794,6796,0,6.5,2015-09-10T00:46:38+00:00
3815,6795,0,32.5,2015-09-09T23:41:10+00:00
0,6794,0,42,2015-09-09T21:59:25+00:00
4553,6793,0,9,2015-09-06T22:31:25+00:00
0,6792,0,9.74,2015-09-06T21:36:07+00:00
4171,6791,0,35,2015-09-05T05:54:21+00:00
3845,6790,0,31.5,2015-09-04T23:04:23+00:00
4464,6789,0,350,2015-09-03T02:00:13+00:00
4464,6788,0,378.87,2015-09-03T01:56:51+00:00
4101,6787,0,28,2015-09-02T01:21:27+00:00
5131,6786,0,23,2015-09-01T00:49:44+00:00
4337,6785,0,25,2015-09-01T00:46:40+00:00
5958,6784,0,54,2015-08-31T23:41:55+00:00
0,6783,0,21,2015-08-30T21:43:42+00:00
3277,6782,0,450,2015-08-26T00:49:44+00:00
0,6781,0,54.13,2015-08-24T04:51:36+00:00
0,6780,0,4.5,2015-08-24T03:19:26+00:00
5115,6779,0,350,2015-08-22T00:06:58+00:00
3475,6778,0,350,2015-08-22T00:01:56+00:00
6240,6777,0,250,2015-08-21T23:27:03+00:00
6238,6776,0,285,2015-08-21T22:55:39+00:00
6005,6775,0,2.5,2015-08-20T13:09:37+00:00
0,6774,0,19.49,2015-08-20T05:41:49+00:00
3880,6773,0,250,2015-08-19T22:52:11+00:00
4475,6772,0,14.07,2015-08-18T23:22:00+00:00
3435,6771,0,757.75,2015-08-14T22:29:47+00:00
4014,6770,0,700,2015-08-14T22:10:04+00:00
4692,6769,0,0,2015-08-14T22:04:28+00:00
0,6768,0,23,2015-08-14T20:56:35+00:00
3880,6767,0,80,2015-08-14T15:28:23+00:00
4063,6766,0,10,2015-08-12T23:18:15+00:00
6006,6765,0,1100,2015-08-11T23:34:22+00:00
0,6764,0,25,2015-08-11T21:36:08+00:00
0,6763,0,21,2015-08-10T03:16:01+00:00
5077,6762,0,0,2015-08-06T23:34:38+00:00
3540,6761,0,750,2015-08-06T23:29:24+00:00
5084,6760,0,42.22,2015-08-06T22:50:55+00:00
5693,6759,0,35,2015-08-06T00:24:09+00:00
0,6758,0,21.65,2015-08-05T08:15:32+00:00
4923,6757,0,350,2015-08-05T01:41:54+00:00
6232,6756,0,350,2015-08-05T01:37:08+00:00
5860,6755,0,400,2015-08-05T01:14:04+00:00
0,6754,0,19.49,2015-08-04T04:38:42+00:00
0,6753,0,25,2015-08-03T17:58:08+00:00
3475,6752,0,25,2015-08-03T16:49:53+00:00
0,6751,0,71.5,2015-08-01T22:17:07+00:00
3523,6750,0,350,2015-07-31T00:43:37+00:00
6129,6749,0,350,2015-07-31T00:38:38+00:00
4604,6748,0,350,2015-07-31T00:27:32+00:00
5222,6747,0,700,2015-07-30T23:59:57+00:00
5446,6746,0,11.37,2015-07-29T03:28:23+00:00
6227,6745,0,167.5,2015-07-29T00:14:07+00:00
6228,6744,0,265,2015-07-29T00:01:08+00:00
5053,6743,0,25,2015-07-27T21:45:56+00:00
5573,6742,0,36,2015-07-27T14:04:49+00:00
3778,6741,0,350,2015-07-25T01:24:53+00:00
5718,6740,0,350,2015-07-25T01:22:16+00:00
4693,6739,0,265,2015-07-25T01:18:13+00:00
4475,6738,0,378.88,2015-07-25T01:12:59+00:00
6221,6737,0,285,2015-07-23T22:30:18+00:00
4454,6736,0,39,2015-07-23T15:50:23+00:00
0,6735,0,14,2015-07-23T15:32:53+00:00
6203,6734,0,10,2015-07-21T16:45:14+00:00
4171,6733,0,28,2015-07-21T12:47:50+00:00
5665,6732,0,350,2015-07-21T00:48:24+00:00
6208,6731,0,350,2015-07-21T00:13:29+00:00
5583,6730,0,7.5,2015-07-20T23:38:21+00:00
5164,6729,0,35,2015-07-20T15:13:22+00:00
3622,6728,0,450,2015-07-16T01:25:56+00:00
4010,6727,0,350,2015-07-16T00:57:15+00:00
4909,6726,0,1100,2015-07-15T23:26:04+00:00
3815,6725,0,32.5,2015-07-15T13:11:40+00:00
0,6724,0,6.5,2015-07-14T15:43:31+00:00
5883,6723,0,378.88,2015-07-14T01:19:40+00:00
0,6722,0,7.5,2015-07-13T18:45:32+00:00
0,6721,0,28,2015-07-11T19:54:16+00:00
3471,6720,0,350,2015-07-10T23:32:42+00:00
0,6719,0,27.06,2015-07-10T05:13:21+00:00
4643,6718,0,350,2015-07-10T00:04:14+00:00
6213,6717,0,0,2015-07-09T23:59:38+00:00
6204,6716,0,350,2015-07-09T23:53:20+00:00
4821,6715,0,350,2015-07-09T22:35:15+00:00
3282,6714,0,14,2015-07-09T14:35:26+00:00
0,6713,0,13,2015-07-08T16:44:49+00:00
0,6712,0,6.5,2015-07-07T00:13:36+00:00
4411,6711,0,0,2015-07-06T22:48:39+00:00
3941,6710,0,55,2015-07-05T22:58:51+00:00
4692,6709,0,31.5,2015-07-03T23:53:49+00:00
6215,6708,0,21,2015-07-03T15:48:21+00:00
6214,6707,0,17.7,2015-07-02T21:22:08+00:00
0,6706,0,67.66,2015-07-02T16:18:47+00:00
3483,6705,0,23,2015-07-01T22:49:05+00:00
4566,6704,0,250,2015-06-29T23:43:03+00:00
0,6703,0,70,2015-06-29T19:03:15+00:00
6206,6702,0,350,2015-06-26T22:29:58+00:00
6210,6701,0,350,2015-06-26T22:03:09+00:00
3611,6700,0,350,2015-06-26T00:12:41+00:00
0,6699,0,22.5,2015-06-25T02:04:35+00:00
5015,6698,0,0,2015-06-23T01:07:50+00:00
0,6697,0,15.16,2015-06-22T20:09:43+00:00
6191,6696,0,40.59,2015-06-21T23:46:59+00:00
5132,6695,0,0,2015-06-20T00:32:04+00:00
3823,6694,0,350,2015-06-20T00:27:07+00:00
4324,6693,0,700,2015-06-20T00:06:19+00:00
5521,6692,0,350,2015-06-19T17:33:26+00:00
3475,6691,0,350,2015-06-19T00:21:20+00:00
0,6690,0,23,2015-06-18T22:36:35+00:00
6203,6689,0,350,2015-06-17T00:11:39+00:00
0,6688,0,19.5,2015-06-16T12:20:56+00:00
6202,6687,0,70,2015-06-15T20:03:38+00:00
4980,6686,0,4.87,2015-06-15T01:59:47+00:00
0,6685,0,14,2015-06-13T23:07:01+00:00
3554,6684,0,6.5,2015-06-11T22:41:38+00:00
0,6683,0,15.16,2015-06-09T04:30:22+00:00
0,6682,0,29.23,2015-06-08T08:34:03+00:00
4270,6681,0,350,2015-06-06T00:10:05+00:00
3255,6680,0,10.83,2015-06-05T17:04:02+00:00
3820,6679,0,0,2015-06-04T22:54:23+00:00
4171,6678,0,28,2015-06-03T13:30:14+00:00
3416,6677,0,250,2015-06-03T00:03:45+00:00
6186,6676,0,250,2015-06-01T23:23:46+00:00
0,6675,0,9,2015-06-01T17:44:40+00:00
5053,6674,0,21,2015-05-30T01:50:38+00:00
3815,6673,0,32.5,2015-05-29T17:49:52+00:00
4584,6672,0,0,2015-05-29T00:43:51+00:00
0,6671,0,70,2015-05-28T18:02:47+00:00
4283,6670,0,36,2015-05-26T23:39:52+00:00
6168,6669,0,0,2015-05-23T01:00:52+00:00
4564,6668,0,0,2015-05-23T00:55:23+00:00
5574,6667,0,700,2015-05-23T00:52:33+00:00
5708,6666,0,378.88,2015-05-23T00:50:38+00:00
4063,6665,0,200,2015-05-22T23:39:36+00:00
3660,6664,0,350,2015-05-21T00:45:25+00:00
5790,6663,0,0,2015-05-21T00:33:17+00:00
0,6662,0,6.5,2015-05-20T17:01:48+00:00
6052,6661,0,265,2015-05-20T00:16:21+00:00
0,6660,0,43,2015-05-19T18:06:29+00:00
0,6659,0,14,2015-05-17T14:47:31+00:00
0,6658,0,52.5,2015-05-15T22:55:31+00:00
0,6657,0,10,2015-05-13T21:44:04+00:00
0,6656,0,7,2015-05-13T02:23:36+00:00
4825,6655,0,10.5,2015-05-11T16:23:38+00:00
5143,6654,0,300,2015-05-08T22:51:41+00:00
6186,6653,0,350,2015-05-08T22:46:39+00:00
4423,6652,0,350,2015-05-08T22:37:30+00:00
5114,6651,0,378.88,2015-05-08T22:30:44+00:00
0,6650,0,13,2015-05-05T20:21:26+00:00
0,6649,0,12.5,2015-05-05T18:37:13+00:00
0,6648,0,48.71,2015-05-04T23:16:34+00:00
4439,6647,0,3.79,2015-05-04T20:49:41+00:00
0,6646,0,67.66,2015-05-04T20:00:57+00:00
4760,6645,0,700,2015-05-04T02:13:47+00:00
0,6644,0,27.06,2015-05-01T17:56:05+00:00
5326,6643,0,378.88,2015-04-30T00:12:25+00:00
3475,6642,0,6.5,2015-04-29T16:51:50+00:00
5749,6641,0,9,2015-04-29T02:35:12+00:00
0,6640,0,9,2015-04-28T05:23:15+00:00
0,6639,0,18,2015-04-26T15:09:09+00:00
6196,6638,0,32.5,2015-04-25T14:43:39+00:00
5766,6637,0,350,2015-04-24T21:00:22+00:00
5963,6636,0,1400,2015-04-24T20:53:27+00:00
0,6635,0,27,2015-04-24T17:19:45+00:00
4016,6634,0,514.19,2015-04-24T00:06:53+00:00
5514,6633,0,350,2015-04-23T23:48:17+00:00
5563,6632,0,270.63,2015-04-23T21:42:08+00:00
3475,6631,0,350,2015-04-23T14:54:39+00:00
6195,6630,0,270,2015-04-22T23:41:46+00:00
3757,6629,0,21,2015-04-22T23:24:44+00:00
5576,6628,0,46,2015-04-22T21:51:02+00:00
3598,6627,0,350,2015-04-17T20:05:47+00:00
4014,6626,0,700,2015-04-16T23:59:41+00:00
4927,6625,0,378.88,2015-04-15T23:52:19+00:00
5723,6624,0,350,2015-04-15T23:48:41+00:00
3622,6623,0,450,2015-04-15T22:52:03+00:00
4171,6622,0,28,2015-04-15T03:29:11+00:00
5963,6621,0,200,2015-04-13T22:12:17+00:00
6193,6620,0,3.5,2015-04-11T15:48:11+00:00
6111,6619,0,12,2015-04-11T15:25:56+00:00
4821,6618,0,0,2015-04-10T20:30:05+00:00
5226,6617,0,9,2015-04-10T00:10:33+00:00
0,6616,0,6.5,2015-04-09T23:53:02+00:00
5253,6615,0,350,2015-04-09T00:29:12+00:00
5342,6614,0,350,2015-04-09T00:26:54+00:00
4207,6613,0,595.38,2015-04-09T00:01:04+00:00
0,6612,0,14,2015-04-08T13:51:00+00:00
3306,6611,0,35.4,2015-04-08T00:03:52+00:00
3241,6610,0,350,2015-04-08T00:02:48+00:00
3815,6609,0,32.5,2015-04-07T23:42:19+00:00
5506,6608,0,18,2015-04-07T12:45:02+00:00
4822,6607,0,7,2015-04-06T23:51:54+00:00
0,6606,0,29.23,2015-04-05T16:54:08+00:00
4305,6605,0,350,2015-04-02T23:27:32+00:00
4337,6604,0,375,2015-04-02T23:20:49+00:00
0,6603,0,70,2015-04-02T20:11:02+00:00
5589,6602,0,19.5,2015-04-02T14:36:10+00:00
5516,6601,0,175,2015-03-29T20:17:53+00:00
6191,6600,0,40.59,2015-03-29T17:17:16+00:00
6076,6599,0,9,2015-03-29T14:46:53+00:00
4917,6598,0,350,2015-03-27T22:24:50+00:00
3370,6597,0,350,2015-03-27T22:17:19+00:00
4970,6596,0,0,2015-03-27T22:05:30+00:00
0,6595,0,18,2015-03-26T19:23:49+00:00
6186,6594,0,10.5,2015-03-24T23:25:05+00:00
5583,6593,0,7.5,2015-03-23T23:25:14+00:00
5180,6592,0,0,2015-03-23T23:03:25+00:00
5115,6591,0,350,2015-03-23T22:11:36+00:00
4464,6590,0,378.88,2015-03-23T22:05:20+00:00
5232,6589,0,38.97,2015-03-22T00:19:10+00:00
4063,6588,0,0,2015-03-20T23:02:45+00:00
0,6587,0,42.22,2015-03-20T20:11:20+00:00
4980,6586,0,4.87,2015-03-20T05:03:00+00:00
6189,6585,0,350,2015-03-18T00:13:20+00:00
6053,6584,0,385,2015-03-17T23:41:17+00:00
0,6583,0,21.65,2015-03-17T05:37:54+00:00
0,6582,0,15,2015-03-16T18:07:06+00:00
0,6581,0,18,2015-03-16T15:35:31+00:00
5633,6580,0,350,2015-03-13T22:42:54+00:00
0,6579,0,18,2015-03-12T00:08:26+00:00
0,6578,0,67.66,2015-03-10T17:53:05+00:00
4710,6577,0,700,2015-03-06T23:47:18+00:00
4711,6576,0,425,2015-03-06T23:42:11+00:00
6187,6575,0,350,2015-03-06T23:34:38+00:00
4892,6574,0,350,2015-03-06T23:03:55+00:00
0,6573,0,14,2015-03-06T17:53:54+00:00
0,6572,0,12.99,2015-03-05T20:03:28+00:00
0,6571,0,46,2015-03-03T22:53:49+00:00
0,6570,0,15.15,2015-03-03T22:30:26+00:00
0,6569,0,17.5,2015-03-03T07:22:47+00:00
0,6568,0,10,2015-03-01T20:44:28+00:00
5612,6567,0,0,2015-02-28T00:52:32+00:00
5077,6566,0,350,2015-02-27T01:31:13+00:00
0,6565,0,17.5,2015-02-26T20:24:26+00:00
0,6564,0,9,2015-02-25T17:34:30+00:00
4171,6563,0,28,2015-02-23T13:05:00+00:00
0,6562,0,70,2015-02-20T19:37:37+00:00
0,6561,0,9,2015-02-18T16:20:55+00:00
6140,6560,0,350,2015-02-18T01:25:45+00:00
6185,6559,0,7.5,2015-02-16T12:21:58+00:00
0,6558,0,52,2015-02-13T22:52:19+00:00
3815,6557,0,32.5,2015-02-11T13:54:57+00:00
3880,6556,0,30,2015-02-11T13:13:11+00:00
3475,6555,0,14,2015-02-10T03:34:38+00:00
0,6554,0,46,2015-02-10T01:26:54+00:00
5749,6553,0,10,2015-02-07T23:27:08+00:00
5862,6552,0,378.88,2015-02-06T01:50:59+00:00
5517,6551,0,350,2015-02-06T01:46:57+00:00
5553,6550,0,350,2015-02-06T01:25:20+00:00
0,6549,0,20,2015-02-05T16:17:38+00:00
0,6548,0,13,2015-02-05T13:53:47+00:00
4553,6547,0,4.5,2015-02-03T16:16:03+00:00
0,6546,0,10.5,2015-02-02T21:47:34+00:00
0,6545,0,14,2015-01-31T06:20:43+00:00
3540,6544,0,750,2015-01-30T23:21:14+00:00
4283,6543,0,27,2015-01-30T16:38:52+00:00
5226,6542,0,9,2015-01-27T15:07:06+00:00
0,6541,0,12.99,2015-01-26T20:27:01+00:00
4760,6540,0,7,2015-01-26T01:06:35+00:00
5164,6539,0,35,2015-01-25T17:39:06+00:00
5506,6538,0,9,2015-01-24T15:29:47+00:00
5389,6537,0,487.13,2015-01-24T01:36:02+00:00
4014,6536,0,700,2015-01-24T01:32:46+00:00
4091,6535,0,378.88,2015-01-24T01:23:27+00:00
5665,6534,0,350,2015-01-24T01:16:34+00:00
0,6533,0,12,2015-01-22T22:42:01+00:00
3306,6532,0,24.36,2015-01-22T06:15:03+00:00
0,6531,0,27,2015-01-21T17:28:06+00:00
4584,6530,0,27,2015-01-21T01:46:26+00:00
6119,6529,0,0,2015-01-17T01:45:56+00:00
4182,6528,0,0,2015-01-17T01:43:40+00:00
4643,6527,0,350,2015-01-17T01:38:28+00:00
4909,6526,0,1100,2015-01-17T01:33:32+00:00
0,6525,0,10.5,2015-01-16T20:59:06+00:00
4933,6524,0,19.48,2015-01-16T20:47:14+00:00
0,6523,0,21,2015-01-16T04:47:32+00:00
6129,6522,0,350,2015-01-14T00:22:15+00:00
3611,6521,0,350,2015-01-14T00:15:50+00:00
4710,6520,0,350,2015-01-14T00:07:29+00:00
3763,6519,0,350,2015-01-13T23:55:33+00:00
6151,6518,0,350,2015-01-13T23:45:02+00:00
0,6517,0,17.5,2015-01-12T17:54:11+00:00
4337,6516,0,70,2015-01-09T22:28:12+00:00
5777,6515,0,67.66,2015-01-08T22:54:35+00:00
6063,6514,0,350,2015-01-07T23:40:02+00:00
6182,6513,0,35,2015-01-07T21:42:12+00:00
5253,6512,0,17.5,2015-01-05T21:55:47+00:00
6120,6511,0,6.5,2015-01-03T00:01:31+00:00
5265,6510,0,0,2015-01-01T00:09:07+00:00
4488,6509,0,800,2015-01-01T00:01:07+00:00
4817,6508,0,26,2014-12-31T00:54:36+00:00
4171,6507,0,28,2014-12-30T22:24:19+00:00
3941,6506,0,3.75,2014-12-30T19:52:13+00:00
5131,6505,0,12,2014-12-30T00:13:08+00:00
4879,6504,0,20,2014-12-25T20:36:04+00:00
3475,6503,0,350,2014-12-23T00:05:26+00:00
6052,6502,0,350,2014-12-20T01:23:36+00:00
6180,6501,0,18,2014-12-19T17:32:31+00:00
0,6500,0,39,2014-12-16T20:18:54+00:00
6179,6499,0,6,2014-12-16T00:58:28+00:00
3699,6498,0,19.5,2014-12-15T23:55:11+00:00
5554,6497,0,25,2014-12-13T14:54:15+00:00
5404,6496,0,378.88,2014-12-12T23:52:02+00:00
3236,6495,0,350,2014-12-12T22:40:50+00:00
4010,6494,0,350,2014-12-12T22:05:11+00:00
6069,6493,0,550,2014-12-11T00:37:23+00:00
5740,6492,0,7.5,2014-12-11T00:23:43+00:00
5797,6491,0,270.63,2014-12-06T01:20:08+00:00
5608,6490,0,350,2014-12-06T00:06:30+00:00
5260,6489,0,350,2014-12-05T23:56:57+00:00
0,6488,0,4.5,2014-12-05T23:19:17+00:00
0,6487,0,14,2014-12-05T20:49:12+00:00
3815,6486,0,350,2014-12-05T00:03:31+00:00
3471,6485,0,350,2014-12-04T22:48:45+00:00
6179,6484,0,700,2014-12-04T02:20:26+00:00
0,6483,0,9,2014-12-03T17:56:26+00:00
5521,6482,0,250,2014-12-03T00:21:21+00:00
0,6481,0,12,2014-12-02T19:56:19+00:00
5749,6480,0,9,2014-12-02T14:59:55+00:00
3815,6479,0,32.5,2014-12-02T04:01:12+00:00
4184,6478,0,0,2014-12-02T01:49:10+00:00
4949,6477,0,45,2014-12-02T00:03:21+00:00
0,6476,0,18,2014-12-01T02:09:26+00:00
3306,6475,0,16.24,2014-11-30T17:50:39+00:00
0,6474,0,15.15,2014-11-29T05:58:34+00:00
5765,6473,0,25,2014-11-28T16:57:11+00:00
3236,6472,0,17.5,2014-11-27T16:19:14+00:00
6160,6471,0,10,2014-11-27T00:15:24+00:00
6177,6470,0,757.75,2014-11-26T23:59:26+00:00
5114,6469,0,0,2014-11-26T23:24:31+00:00
3820,6468,0,0,2014-11-26T22:41:17+00:00
5645,6467,0,70,2014-11-26T02:34:29+00:00
4004,6466,0,350,2014-11-26T00:47:34+00:00
4933,6465,0,378.88,2014-11-25T03:11:35+00:00
0,6464,0,45,2014-11-24T00:55:52+00:00
0,6463,0,28,2014-11-23T19:44:22+00:00
4063,6462,0,300,2014-11-22T00:19:56+00:00
0,6461,0,19.49,2014-11-20T22:28:47+00:00
0,6460,0,27.07,2014-11-20T22:28:45+00:00
0,6459,0,50,2014-11-19T22:12:23+00:00
0,6458,0,42,2014-11-19T19:25:14+00:00
0,6457,0,9,2014-11-17T20:59:26+00:00
5053,6456,0,25,2014-11-15T19:43:10+00:00
3714,6455,0,62.5,2014-11-15T00:12:03+00:00
4283,6454,0,6,2014-11-14T21:08:35+00:00
3570,6453,0,10.5,2014-11-14T14:01:20+00:00
5583,6452,0,6.5,2014-11-13T21:54:46+00:00
0,6451,0,67.66,2014-11-13T21:09:56+00:00
0,6450,0,3.5,2014-11-13T11:17:27+00:00
6132,6449,0,378.88,2014-11-12T23:26:53+00:00
6172,6448,0,0,2014-11-12T22:40:54+00:00
5226,6447,0,9,2014-11-11T15:51:38+00:00
4760,6446,0,0,2014-11-10T23:52:10+00:00
0,6445,0,26,2014-11-08T13:33:01+00:00
3388,6444,0,26,2014-11-08T06:00:59+00:00
4652,6443,0,8,2014-11-05T22:59:25+00:00
6043,6442,0,250,2014-11-03T20:44:52+00:00
5708,6441,0,378.88,2014-10-31T22:37:29+00:00
5284,6440,0,0,2014-10-31T22:10:47+00:00
5398,6439,0,350,2014-10-30T23:41:44+00:00
0,6438,0,6.5,2014-10-30T01:22:40+00:00
4891,6437,0,90,2014-10-29T20:08:03+00:00
4283,6436,0,40.5,2014-10-29T17:17:34+00:00
0,6435,0,15.16,2014-10-28T06:28:50+00:00
0,6434,0,10.5,2014-10-27T17:55:05+00:00
4760,6433,0,3.5,2014-10-27T00:23:02+00:00
0,6432,0,11.36,2014-10-25T17:07:28+00:00
5261,6431,0,350,2014-10-24T20:48:31+00:00
5794,6430,0,250,2014-10-24T19:23:09+00:00
3475,6429,0,25,2014-10-24T03:44:04+00:00
5077,6428,0,350,2014-10-22T22:38:45+00:00
0,6427,0,39,2014-10-22T20:12:19+00:00
0,6426,0,7.5,2014-10-22T17:43:04+00:00
4171,6425,0,3.5,2014-10-21T06:00:16+00:00
4825,6424,0,18,2014-10-20T14:55:26+00:00
5115,6423,0,350,2014-10-17T23:11:32+00:00
6132,6422,0,378.88,2014-10-17T23:02:54+00:00
4482,6421,0,350,2014-10-17T22:57:24+00:00
4927,6420,0,378.88,2014-10-17T22:33:41+00:00
5987,6419,0,378.88,2014-10-17T22:27:44+00:00
4464,6418,0,0,2014-10-17T21:51:32+00:00
0,6417,0,10.83,2014-10-17T04:39:04+00:00
0,6416,0,27,2014-10-15T12:04:04+00:00
5709,6415,0,10.5,2014-10-14T21:18:31+00:00
3635,6414,0,15.15,2014-10-14T18:55:55+00:00
5084,6413,0,42.22,2014-10-10T23:15:11+00:00
3815,6412,0,32.5,2014-10-08T18:07:10+00:00
4454,6411,0,3.5,2014-10-08T14:55:11+00:00
3483,6410,0,23,2014-10-07T18:45:07+00:00
0,6409,0,62.5,2014-10-06T16:44:07+00:00
0,6408,0,10.5,2014-10-06T03:26:26+00:00
5342,6407,0,350,2014-10-03T23:01:07+00:00
5404,6406,0,378.88,2014-10-03T22:57:10+00:00
3815,6405,0,350,2014-10-03T22:31:26+00:00
4692,6404,0,700,2014-10-03T22:19:15+00:00
6168,6403,0,0,2014-10-03T21:30:52+00:00
6164,6402,0,450,2014-10-02T23:25:18+00:00
6083,6401,0,300,2014-10-02T20:45:03+00:00
4584,6400,0,7,2014-10-02T20:30:00+00:00
6076,6399,0,9,2014-10-02T11:14:39+00:00
4692,6398,0,31.5,2014-10-02T00:15:33+00:00
0,6397,0,7.03,2014-10-01T16:08:24+00:00
5573,6396,0,18,2014-09-30T14:31:32+00:00
6115,6395,0,18.94,2014-09-29T19:59:42+00:00
3475,6394,0,9,2014-09-27T14:45:36+00:00
5131,6393,0,6,2014-09-26T21:58:17+00:00
6165,6392,0,500,2014-09-24T22:46:41+00:00
5842,6391,0,350,2014-09-24T20:53:28+00:00
3598,6390,0,350,2014-09-24T20:07:22+00:00
0,6389,0,18,2014-09-24T16:58:17+00:00
5389,6388,0,0,2014-09-24T00:10:41+00:00
3757,6387,0,350,2014-09-24T00:05:25+00:00
5389,6386,0,40.59,2014-09-23T22:54:22+00:00
5112,6385,0,35,2014-09-23T14:58:28+00:00
4063,6384,0,10,2014-09-22T22:51:26+00:00
0,6383,0,14,2014-09-22T17:00:54+00:00
0,6382,0,9,2014-09-21T19:17:50+00:00
6159,6381,0,324.75,2014-09-19T23:50:10+00:00
6053,6380,0,385,2014-09-19T23:31:50+00:00
0,6379,0,39,2014-09-19T19:57:58+00:00
5311,6378,0,250,2014-09-18T22:39:13+00:00
5777,6377,0,67.66,2014-09-18T20:12:30+00:00
5131,6376,0,6,2014-09-17T22:16:51+00:00
4488,6375,0,78,2014-09-17T21:35:05+00:00
0,6374,0,7.03,2014-09-17T17:21:40+00:00
0,6373,0,6.5,2014-09-16T21:50:12+00:00
6160,6372,0,308.51,2014-09-15T22:56:24+00:00
0,6371,0,36,2014-09-14T22:33:27+00:00
5645,6370,0,70,2014-09-13T03:47:06+00:00
5222,6369,0,700,2014-09-12T23:03:11+00:00
5726,6368,0,700,2014-09-12T22:15:35+00:00
3523,6367,0,350,2014-09-11T23:19:33+00:00
5676,6366,0,700,2014-09-11T23:06:19+00:00
4892,6365,0,350,2014-09-11T21:02:42+00:00
0,6364,0,67.66,2014-09-10T20:51:28+00:00
0,6363,0,13,2014-09-10T18:47:09+00:00
4900,6362,0,757.75,2014-09-09T21:53:36+00:00
6156,6361,0,400,2014-09-09T21:41:56+00:00
5874,6360,0,385,2014-09-09T21:27:06+00:00
5185,6359,0,378.88,2014-09-09T21:21:56+00:00
3255,6358,0,9.75,2014-09-06T05:52:08+00:00
0,6357,0,18,2014-09-04T14:11:17+00:00
5749,6356,0,13.5,2014-09-04T02:53:29+00:00
6052,6355,0,350,2014-09-02T23:42:02+00:00
0,6354,0,54.13,2014-09-02T23:35:59+00:00
4980,6353,0,4.87,2014-09-02T00:56:23+00:00
3306,6352,0,35.18,2014-08-31T16:22:48+00:00
0,6351,0,26,2014-08-31T14:18:47+00:00
5340,6350,0,15.15,2014-08-28T15:05:44+00:00
4970,6349,0,0,2014-08-27T23:02:00+00:00
3715,6348,0,0,2014-08-27T22:46:10+00:00
6151,6347,0,250,2014-08-27T22:34:37+00:00
4877,6346,0,400,2014-08-27T19:23:50+00:00
3388,6345,0,31.5,2014-08-27T05:19:59+00:00
5963,6344,0,350,2014-08-26T22:51:36+00:00
6154,6343,0,250,2014-08-26T22:43:07+00:00
5996,6342,0,378.88,2014-08-26T21:52:37+00:00
0,6341,0,14,2014-08-24T23:45:05+00:00
4171,6340,0,3.5,2014-08-23T13:04:49+00:00
4283,6339,0,22.5,2014-08-21T18:51:22+00:00
5097,6338,0,26,2014-08-20T13:19:42+00:00
5694,6337,0,49.25,2014-08-18T20:57:13+00:00
6115,6336,0,14.62,2014-08-18T16:43:49+00:00
5053,6335,0,10,2014-08-16T16:12:57+00:00
3763,6334,0,0,2014-08-15T22:11:54+00:00
6143,6333,0,0,2014-08-15T20:55:44+00:00
5226,6332,0,10,2014-08-14T20:25:04+00:00
5015,6331,0,0,2014-08-13T23:31:34+00:00
6152,6330,0,0,2014-08-13T23:13:34+00:00
6151,6329,0,350,2014-08-13T22:47:26+00:00
5953,6328,0,250,2014-08-13T22:04:54+00:00
6150,6327,0,350,2014-08-13T00:14:29+00:00
6149,6326,0,350,2014-08-12T23:57:40+00:00
6147,6325,0,378.88,2014-08-11T21:16:24+00:00
6127,6324,0,0,2014-08-07T23:36:05+00:00
5963,6323,0,85,2014-08-07T22:07:51+00:00
3622,6322,0,350,2014-08-06T23:45:43+00:00
3475,6321,0,350,2014-08-06T23:22:14+00:00
4542,6320,0,17.5,2014-08-05T19:30:02+00:00
5574,6319,0,700,2014-08-04T20:29:13+00:00
4708,6318,0,350,2014-08-04T20:25:46+00:00
5132,6317,0,350,2014-08-04T20:19:02+00:00
0,6316,0,46,2014-08-04T18:46:32+00:00
6146,6315,0,3.5,2014-08-03T13:05:35+00:00
0,6314,0,65,2014-08-01T14:47:19+00:00
6144,6313,0,35,2014-08-01T04:06:34+00:00
4016,6312,0,378.88,2014-07-31T23:55:39+00:00
5164,6311,0,35,2014-07-31T20:24:44+00:00
3815,6310,0,32.5,2014-07-31T13:48:05+00:00
0,6309,0,6.5,2014-07-30T23:16:01+00:00
0,6308,0,10,2014-07-30T14:10:54+00:00
0,6307,0,21,2014-07-30T11:17:08+00:00
0,6306,0,9,2014-07-29T20:02:21+00:00
6140,6305,0,350,2014-07-29T00:03:35+00:00
5115,6304,0,0,2014-07-28T19:58:27+00:00
4660,6303,0,350,2014-07-25T23:09:51+00:00
3556,6302,0,350,2014-07-25T23:03:26+00:00
3466,6301,0,0,2014-07-25T22:54:25+00:00
6129,6300,0,0,2014-07-25T22:18:41+00:00
6129,6299,,0,2014-07-25T22:15:42+00:00
6139,6298,0,250,2014-07-25T21:10:31+00:00
4821,6297,0,0,2014-07-24T23:18:09+00:00
3757,6296,0,21,2014-07-24T20:39:20+00:00
5131,6295,0,13,2014-07-24T19:53:43+00:00
4660,6294,0,350,2014-07-24T19:46:57+00:00
0,6293,0,7.04,2014-07-24T17:18:30+00:00
5340,6292,0,757.75,2014-07-23T22:18:17+00:00
6124,6291,0,0,2014-07-23T21:00:25+00:00
6131,6290,0,265,2014-07-23T20:13:13+00:00
6136,6289,0,250,2014-07-21T19:50:55+00:00
0,6288,0,4.87,2014-07-21T03:20:26+00:00
0,6287,0,7.04,2014-07-20T18:40:05+00:00
4337,6286,0,25,2014-07-17T22:29:54+00:00
5077,6285,0,40,2014-07-17T21:49:16+00:00
3615,6284,0,35,2014-07-16T20:20:36+00:00
5232,6283,0,54.13,2014-07-12T17:54:45+00:00
0,6282,0,4.5,2014-07-11T19:06:20+00:00
0,6281,0,67.66,2014-07-10T17:50:19+00:00
4171,6280,0,3.5,2014-07-08T15:56:40+00:00
0,6279,0,27.06,2014-07-08T01:23:21+00:00
0,6278,0,10.5,2014-07-07T20:27:13+00:00
0,6277,0,13.5,2014-07-04T21:56:09+00:00
5114,6276,0,378.88,2014-07-03T23:10:32+00:00
4643,6275,0,0,2014-07-03T22:54:57+00:00
6128,6274,0,378.88,2014-07-03T22:20:31+00:00
5143,6273,0,300,2014-07-03T22:10:24+00:00
6076,6272,0,35,2014-07-03T15:58:00+00:00
6126,6271,0,350,2014-07-03T00:41:17+00:00
6101,6270,0,18,2014-07-02T23:36:33+00:00
6119,6269,0,0,2014-07-02T22:44:11+00:00
3941,6268,0,3.75,2014-07-02T18:13:08+00:00
0,6267,0,10.5,2014-07-02T17:49:40+00:00
6047,6266,0,350,2014-07-02T00:18:44+00:00
4475,6265,0,0,2014-07-02T00:15:06+00:00
4825,6264,0,10.5,2014-06-30T19:10:36+00:00
0,6263,0,22.5,2014-06-30T19:05:57+00:00
6122,6262,0,350,2014-06-28T02:43:10+00:00
6121,6261,0,400,2014-06-28T02:28:14+00:00
6120,6260,0,0,2014-06-28T02:12:44+00:00
0,6259,0,400,2014-06-26T00:01:50+00:00
0,6258,0,9,2014-06-25T20:02:51+00:00
0,6257,0,18.95,2014-06-24T21:40:47+00:00
0,6256,0,25,2014-06-24T17:31:59+00:00
0,6255,0,35.4,2014-06-24T16:50:48+00:00
3763,6254,0,350,2014-06-20T23:10:19+00:00
3435,6253,0,757.75,2014-06-20T20:53:56+00:00
5765,6252,0,6.5,2014-06-20T17:48:43+00:00
0,6251,0,13,2014-06-20T15:57:15+00:00
4760,6250,0,7,2014-06-19T02:57:42+00:00
3277,6249,0,525,2014-06-18T00:16:12+00:00
0,6248,0,113.66,2014-06-17T05:19:54+00:00
6115,6247,0,14.61,2014-06-16T04:59:00+00:00
0,6246,0,3.5,2014-06-13T16:57:48+00:00
0,6245,0,19.49,2014-06-13T16:36:28+00:00
3570,6244,0,10.5,2014-06-13T13:24:32+00:00
6112,6243,0,265,2014-06-13T00:07:33+00:00
4566,6242,0,250,2014-06-11T23:48:37+00:00
3236,6241,0,17.5,2014-06-11T18:29:19+00:00
6111,6240,0,80,2014-06-07T00:37:54+00:00
4014,6239,0,700,2014-06-06T23:20:57+00:00
0,6238,0,21,2014-06-06T21:59:08+00:00
3306,6237,0,17.7,2014-06-06T17:59:39+00:00
0,6236,0,21,2014-06-05T17:14:06+00:00
5386,6235,0,265,2014-06-04T23:02:17+00:00
4439,6234,0,3.79,2014-06-04T19:44:19+00:00
0,6233,0,8.66,2014-06-04T17:14:57+00:00
3815,6232,0,32.5,2014-06-04T14:16:46+00:00
6108,6231,0,300,2014-06-03T22:50:46+00:00
0,6230,0,21,2014-06-03T20:30:55+00:00
4014,6229,0,700,2014-06-02T22:50:47+00:00
0,6228,0,70,2014-06-02T17:23:44+00:00
6107,6227,0,10.5,2014-06-02T13:32:30+00:00
0,6226,0,18,2014-06-01T20:11:38+00:00
4171,6225,0,3.5,2014-05-30T05:23:34+00:00
5682,6224,0,250,2014-05-29T23:37:33+00:00
6101,6223,0,0,2014-05-29T21:32:53+00:00
4283,6222,0,27,2014-05-29T19:44:46+00:00
3622,6221,0,210,2014-05-28T22:13:29+00:00
6082,6220,0,285,2014-05-27T23:07:38+00:00
5222,6219,0,700,2014-05-27T22:35:27+00:00
0,6218,0,6,2014-05-23T21:21:53+00:00
0,6217,0,28,2014-05-23T13:12:54+00:00
3820,6216,0,0,2014-05-22T22:34:52+00:00
4660,6215,,0,2014-05-22T22:24:25+00:00
4708,6214,0,0,2014-05-22T22:15:29+00:00
6103,6213,0,350,2014-05-20T00:26:15+00:00
5651,6212,0,600,2014-05-19T22:36:37+00:00
3540,6211,0,750,2014-05-19T21:50:27+00:00
5794,6210,0,25,2014-05-19T21:24:53+00:00
0,6209,0,6,2014-05-19T20:29:10+00:00
0,6208,0,39,2014-05-19T17:35:55+00:00
3471,6207,0,0,2014-05-17T00:26:23+00:00
4423,6206,0,350,2014-05-17T00:10:31+00:00
4553,6205,0,9,2014-05-16T17:46:57+00:00
0,6204,0,7.5,2014-05-16T01:52:45+00:00
5053,6203,0,10.5,2014-05-15T15:53:49+00:00
6085,6202,0,10.82,2014-05-14T23:54:09+00:00
5517,6201,0,0,2014-05-14T22:55:46+00:00
6095,6200,0,350,2014-05-14T22:43:04+00:00
4917,6199,0,350,2014-05-14T22:09:32+00:00
0,6198,0,40.59,2014-05-14T20:21:11+00:00
6099,6197,0,12.5,2014-05-13T23:05:23+00:00
6060,6196,0,378.88,2014-05-13T22:43:11+00:00
5886,6195,0,450,2014-05-13T20:11:31+00:00
6093,6194,0,285,2014-05-12T23:46:51+00:00
5506,6193,0,350,2014-05-12T20:38:22+00:00
0,6192,0,42.22,2014-05-12T20:03:21+00:00
0,6191,0,39,2014-05-12T16:54:09+00:00
6096,6190,0,350,2014-05-09T00:08:55+00:00
5986,6189,0,350,2014-05-08T23:24:41+00:00
0,6188,0,3.5,2014-05-08T23:18:18+00:00
5342,6187,0,350,2014-05-08T22:09:53+00:00
6045,6186,0,300,2014-05-07T03:21:30+00:00
4821,6185,0,21.5,2014-05-07T03:11:05+00:00
6087,6184,0,350,2014-05-07T02:00:19+00:00
0,6183,0,6.5,2014-05-07T01:52:46+00:00
0,6182,0,13,2014-05-06T20:04:46+00:00
0,6181,0,21.11,2014-05-06T19:26:40+00:00
0,6180,0,6,2014-05-05T15:45:03+00:00
5749,6179,0,27,2014-05-03T14:11:12+00:00
0,6178,0,9,2014-05-02T20:39:58+00:00
6053,6177,0,350,2014-05-02T00:46:56+00:00
6053,6176,0,350,2014-05-02T00:42:01+00:00
4932,6175,0,13.5,2014-05-02T00:16:57+00:00
4760,6174,0,550,2014-05-02T00:04:20+00:00
4564,6173,0,19,2014-05-01T23:49:58+00:00
5077,6172,0,350,2014-05-01T03:04:22+00:00
5855,6171,0,350,2014-05-01T02:38:30+00:00
6047,6170,0,350,2014-05-01T02:08:00+00:00
6091,6169,0,0,2014-05-01T01:03:35+00:00
5265,6168,0,350,2014-04-29T01:46:02+00:00
4411,6167,0,700,2014-04-29T01:36:26+00:00
0,6166,0,11.36,2014-04-27T19:00:51+00:00
5639,6165,0,150,2014-04-26T00:18:07+00:00
6083,6164,0,335,2014-04-25T23:22:13+00:00
6043,6163,0,250,2014-04-25T01:04:48+00:00
6043,6162,0,250,2014-04-25T01:02:44+00:00
5253,6161,0,350,2014-04-25T00:52:11+00:00
5787,6160,0,350,2014-04-24T22:59:53+00:00
5574,6159,0,350,2014-04-24T22:43:06+00:00
0,6158,0,67.66,2014-04-23T20:40:51+00:00
3370,6157,0,350,2014-04-23T00:09:31+00:00
3282,6156,0,350,2014-04-22T23:45:36+00:00
4949,6155,0,19.5,2014-04-22T01:22:18+00:00
4673,6154,0,14,2014-04-22T01:06:01+00:00
6085,6153,0,10.82,2014-04-21T22:10:31+00:00
4980,6152,0,10.82,2014-04-19T17:11:20+00:00
4879,6151,0,10,2014-04-18T23:39:48+00:00
4553,6150,0,7,2014-04-17T19:53:13+00:00
0,6149,0,4.5,2014-04-17T18:42:12+00:00
6041,6148,0,350,2014-04-15T00:31:21+00:00
6082,6147,0,350,2014-04-14T23:22:18+00:00
6081,6146,0,6.5,2014-04-14T21:13:50+00:00
4171,6145,0,28,2014-04-14T16:33:08+00:00
0,6144,0,13.53,2014-04-14T16:21:42+00:00
6080,6143,0,350,2014-04-12T00:16:36+00:00
0,6142,0,49.5,2014-04-10T19:03:29+00:00
3815,6141,0,32.5,2014-04-10T02:46:45+00:00
0,6140,0,17.87,2014-04-10T02:13:19+00:00
3299,6139,0,75,2014-04-09T23:26:46+00:00
6078,6138,0,350,2014-04-09T23:00:31+00:00
0,6137,0,13,2014-04-09T21:01:33+00:00
5782,6136,0,35,2014-04-09T00:43:04+00:00
0,6135,0,52,2014-04-07T17:47:04+00:00
0,6134,0,18,2014-04-07T17:34:47+00:00
6076,6133,0,9,2014-04-06T21:42:15+00:00
3388,6132,0,26,2014-04-05T02:59:17+00:00
6069,6131,0,550,2014-04-03T23:03:39+00:00
0,6130,0,70,2014-04-03T19:10:06+00:00
6056,6129,0,324.75,2014-04-03T02:03:15+00:00
6070,6128,0,378.88,2014-04-03T01:43:14+00:00
6030,6127,0,300,2014-03-29T00:56:20+00:00
0,6126,0,3.5,2014-03-27T16:39:45+00:00
0,6125,0,4.87,2014-03-27T00:18:05+00:00
3815,6124,0,22.5,2014-03-26T20:22:07+00:00
0,6123,0,23,2014-03-26T00:07:36+00:00
0,6122,0,25,2014-03-22T17:45:22+00:00
0,6121,0,23,2014-03-22T14:04:04+00:00
0,6120,0,40,2014-03-22T12:59:19+00:00
0,6119,0,21,2014-03-21T23:49:05+00:00
0,6118,0,300,2014-03-19T05:18:08+00:00
0,6117,0,300,2014-03-19T05:08:41+00:00
0,6116,0,300,2014-03-19T04:17:10+00:00
6060,6115,0,378.88,2014-03-19T00:35:35+00:00
0,6114,0,7,2014-03-18T02:14:10+00:00
0,6113,0,12.99,2014-03-17T19:29:51+00:00
0,6112,0,20,2014-03-17T12:35:01+00:00
0,6111,,20,2014-03-16T14:58:43+00:00
0,6110,,20,2014-03-14T23:05:24+00:00
0,6109,,20,2014-03-14T22:49:28+00:00
0,6108,,20,2014-03-14T20:01:08+00:00
0,6107,,20,2014-03-12T23:50:52+00:00
0,6106,,20,2014-03-12T23:18:27+00:00
0,6105,,20,2014-03-11T21:14:54+00:00
0,6104,,20,2014-03-11T01:54:28+00:00
0,6103,,20,2014-03-08T00:51:53+00:00
0,6102,,20,2014-03-07T23:56:21+00:00
0,6101,,20,2014-03-07T20:34:56+00:00
0,6100,,20,2014-03-07T00:24:57+00:00
0,6099,,20,2014-03-05T23:20:17+00:00
3282,6098,,20,2014-03-05T02:11:10+00:00
0,6097,,20,2014-03-04T23:08:10+00:00
0,6096,,20,2014-03-04T20:46:53+00:00
0,6095,,20,2014-03-04T20:14:15+00:00
0,6094,,20,2014-03-04T02:44:28+00:00
0,6093,,20,2014-03-01T19:38:51+00:00
0,6092,,20,2014-03-01T00:02:16+00:00
0,6091,,20,2014-02-28T23:38:56+00:00
0,6090,,20,2014-02-27T22:22:23+00:00
6052,6089,,20,2014-02-27T20:22:38+00:00
6051,6088,,20,2014-02-27T17:52:35+00:00
0,6087,,20,2014-02-27T11:43:49+00:00
0,6086,,20,2014-02-26T21:18:46+00:00
0,6085,,20,2014-02-26T20:23:39+00:00
0,6084,,20,2014-02-25T23:29:47+00:00
0,6083,,20,2014-02-24T22:08:42+00:00
0,6082,,20,2014-02-21T02:26:14+00:00
0,6081,,20,2014-02-21T00:05:58+00:00
0,6080,,20,2014-02-20T21:53:10+00:00
0,6079,,20,2014-02-19T20:58:39+00:00
0,6078,,20,2014-02-18T20:12:09+00:00
0,6077,,20,2014-02-17T21:43:51+00:00
0,6076,,20,2014-02-15T08:48:09+00:00
0,6075,,20,2014-02-14T23:22:33+00:00
0,6074,,20,2014-02-14T22:50:12+00:00
0,6073,,20,2014-02-14T22:28:26+00:00
0,6072,,20,2014-02-14T19:20:34+00:00
0,6071,,20,2014-02-14T19:15:14+00:00
0,6070,,20,2014-02-14T18:36:53+00:00
0,6069,,20,2014-02-14T17:51:38+00:00
0,6068,,20,2014-02-14T15:42:10+00:00
0,6067,,20,2014-02-13T23:43:19+00:00
0,6066,,20,2014-02-13T21:04:30+00:00
0,6065,,20,2014-02-13T20:27:19+00:00
5196,6064,,20,2014-02-13T00:35:55+00:00
5196,6064,,20,2014-02-13T00:35:55+00:00
